model,start,size,rep,method,steps,brier_change
qwen3,avg_prob,25,0,Platt,0,-0.23094102598467478
qwen3,avg_prob,25,0,IGHB (alpha 0.003),24,-0.14846271909726763
qwen3,avg_prob,25,0,IGHB long (alpha 1e-4),74,-0.10434207101820803
qwen3,avg_prob,25,0,noise aware IGHB,12,-0.19725578836656263
qwen3,avg_prob,25,0,holdout IGHB,40,-0.15036332849648526
qwen3,avg_prob,25,0,IGLB,1,-0.21668522177133856
qwen3,avg_prob,25,1,Platt,0,-0.23104422237125996
qwen3,avg_prob,25,1,IGHB (alpha 0.003),36,-0.091473047275414
qwen3,avg_prob,25,1,IGHB long (alpha 1e-4),68,-0.05214007985877117
qwen3,avg_prob,25,1,noise aware IGHB,14,-0.14555469524544326
qwen3,avg_prob,25,1,holdout IGHB,38,-0.1731436108598175
qwen3,avg_prob,25,1,IGLB,2,-0.15944133976707214
qwen3,avg_prob,25,2,Platt,0,-0.22298152241305674
qwen3,avg_prob,25,2,IGHB (alpha 0.003),9,-0.21925585313312937
qwen3,avg_prob,25,2,IGHB long (alpha 1e-4),49,-0.1426286843711233
qwen3,avg_prob,25,2,noise aware IGHB,16,-0.19728000458567563
qwen3,avg_prob,25,2,holdout IGHB,66,-0.1975767636124741
qwen3,avg_prob,25,2,IGLB,1,-0.21194638260732043
qwen3,avg_prob,25,3,Platt,0,-0.22970650181452268
qwen3,avg_prob,25,3,IGHB (alpha 0.003),10,-0.17936417522832673
qwen3,avg_prob,25,3,IGHB long (alpha 1e-4),40,-0.12383496853630505
qwen3,avg_prob,25,3,noise aware IGHB,45,-0.12290641642897948
qwen3,avg_prob,25,3,holdout IGHB,31,-0.18042779234683873
qwen3,avg_prob,25,3,IGLB,1,-0.21963730166535728
qwen3,avg_prob,25,4,Platt,0,-0.22760669989995258
qwen3,avg_prob,25,4,IGHB (alpha 0.003),10,-0.1780474240878548
qwen3,avg_prob,25,4,IGHB long (alpha 1e-4),72,-0.1184495268650595
qwen3,avg_prob,25,4,noise aware IGHB,40,-0.160559351272582
qwen3,avg_prob,25,4,holdout IGHB,39,-0.14957596732745218
qwen3,avg_prob,25,4,IGLB,1,-0.2171925585586551
qwen3,avg_prob,25,5,Platt,0,-0.23184223695789605
qwen3,avg_prob,25,5,IGHB (alpha 0.003),17,-0.2042189698618071
qwen3,avg_prob,25,5,IGHB long (alpha 1e-4),95,-0.1696477525664125
qwen3,avg_prob,25,5,noise aware IGHB,34,-0.20677261581814183
qwen3,avg_prob,25,5,holdout IGHB,46,-0.15406548541892462
qwen3,avg_prob,25,5,IGLB,1,-0.21874333953463776
qwen3,avg_prob,25,6,Platt,0,-0.22963786106600528
qwen3,avg_prob,25,6,IGHB (alpha 0.003),20,-0.18611563935360292
qwen3,avg_prob,25,6,IGHB long (alpha 1e-4),63,-0.1669654874744443
qwen3,avg_prob,25,6,noise aware IGHB,10,-0.1945129349034448
qwen3,avg_prob,25,6,holdout IGHB,24,-0.1913838989605283
qwen3,avg_prob,25,6,IGLB,0,0.0
qwen3,avg_prob,25,7,Platt,0,-0.17009345800586412
qwen3,avg_prob,25,7,IGHB (alpha 0.003),18,-0.12337359659944569
qwen3,avg_prob,25,7,IGHB long (alpha 1e-4),34,-0.04916575014348218
qwen3,avg_prob,25,7,noise aware IGHB,43,-0.1410866745624227
qwen3,avg_prob,25,7,holdout IGHB,80,0.005023971861712551
qwen3,avg_prob,25,7,IGLB,2,-0.05530060895971961
qwen3,avg_prob,25,8,Platt,0,-0.21684177934849228
qwen3,avg_prob,25,8,IGHB (alpha 0.003),18,-0.17391966493956568
qwen3,avg_prob,25,8,IGHB long (alpha 1e-4),63,-0.13936277221749163
qwen3,avg_prob,25,8,noise aware IGHB,88,-0.1517188672874526
qwen3,avg_prob,25,8,holdout IGHB,34,-0.14707772652269469
qwen3,avg_prob,25,8,IGLB,1,-0.19856550019051497
qwen3,avg_prob,25,9,Platt,0,-0.18334079246788126
qwen3,avg_prob,25,9,IGHB (alpha 0.003),21,-0.08877037053567682
qwen3,avg_prob,25,9,IGHB long (alpha 1e-4),68,-0.04074469257793151
qwen3,avg_prob,25,9,noise aware IGHB,14,-0.12939143205299825
qwen3,avg_prob,25,9,holdout IGHB,48,-0.07703002581706464
qwen3,avg_prob,25,9,IGLB,1,-0.19346109404779327
qwen3,avg_prob,25,10,Platt,0,-0.2316075168022529
qwen3,avg_prob,25,10,IGHB (alpha 0.003),20,-0.1982515985064743
qwen3,avg_prob,25,10,IGHB long (alpha 1e-4),61,-0.15972749617863222
qwen3,avg_prob,25,10,noise aware IGHB,33,-0.1900542129947364
qwen3,avg_prob,25,10,holdout IGHB,25,-0.1617231257584675
qwen3,avg_prob,25,10,IGLB,1,-0.21415080152175803
qwen3,avg_prob,25,11,Platt,0,-0.22270076429616095
qwen3,avg_prob,25,11,IGHB (alpha 0.003),14,-0.21040863074819557
qwen3,avg_prob,25,11,IGHB long (alpha 1e-4),75,-0.1352879317688576
qwen3,avg_prob,25,11,noise aware IGHB,11,-0.19711540680112052
qwen3,avg_prob,25,11,holdout IGHB,40,-0.18517452631314207
qwen3,avg_prob,25,11,IGLB,2,-0.22772265595869454
qwen3,avg_prob,25,12,Platt,0,-0.23217890734594238
qwen3,avg_prob,25,12,IGHB (alpha 0.003),19,-0.15554230024667487
qwen3,avg_prob,25,12,IGHB long (alpha 1e-4),76,-0.1489779917107046
qwen3,avg_prob,25,12,noise aware IGHB,9,-0.12453312870231148
qwen3,avg_prob,25,12,holdout IGHB,41,-0.17551027348441292
qwen3,avg_prob,25,12,IGLB,2,-0.21729834552227303
qwen3,avg_prob,25,13,Platt,0,-0.2320755504007419
qwen3,avg_prob,25,13,IGHB (alpha 0.003),15,-0.1844305366282761
qwen3,avg_prob,25,13,IGHB long (alpha 1e-4),62,-0.15037439823797347
qwen3,avg_prob,25,13,noise aware IGHB,37,-0.13809136155595925
qwen3,avg_prob,25,13,holdout IGHB,26,-0.188166661133469
qwen3,avg_prob,25,13,IGLB,2,-0.17281409193076827
qwen3,avg_prob,25,14,Platt,0,-0.21160339057719743
qwen3,avg_prob,25,14,IGHB (alpha 0.003),17,-0.16587678528152666
qwen3,avg_prob,25,14,IGHB long (alpha 1e-4),43,-0.13013630738182402
qwen3,avg_prob,25,14,noise aware IGHB,4,-0.07974088170055427
qwen3,avg_prob,25,14,holdout IGHB,41,-0.16218861516569377
qwen3,avg_prob,25,14,IGLB,4,-0.14014915583589374
qwen3,avg_prob,25,15,Platt,0,-0.19653437134811388
qwen3,avg_prob,25,15,IGHB (alpha 0.003),27,-0.13430420108986402
qwen3,avg_prob,25,15,IGHB long (alpha 1e-4),65,-0.09947039633474425
qwen3,avg_prob,25,15,noise aware IGHB,36,-0.15943449013375804
qwen3,avg_prob,25,15,holdout IGHB,33,-0.09458753386968838
qwen3,avg_prob,25,15,IGLB,1,-0.1815174197584488
qwen3,avg_prob,25,16,Platt,0,-0.22969399150900366
qwen3,avg_prob,25,16,IGHB (alpha 0.003),11,-0.17153704760902186
qwen3,avg_prob,25,16,IGHB long (alpha 1e-4),46,-0.09739276959385573
qwen3,avg_prob,25,16,noise aware IGHB,22,-0.16122575890795623
qwen3,avg_prob,25,16,holdout IGHB,51,-0.13770405754194667
qwen3,avg_prob,25,16,IGLB,1,-0.2312560373710456
qwen3,avg_prob,25,17,Platt,0,-0.22978280438922122
qwen3,avg_prob,25,17,IGHB (alpha 0.003),14,-0.18751778840431896
qwen3,avg_prob,25,17,IGHB long (alpha 1e-4),86,-0.13483473891602768
qwen3,avg_prob,25,17,noise aware IGHB,15,-0.1238225107773907
qwen3,avg_prob,25,17,holdout IGHB,33,-0.15548360398753708
qwen3,avg_prob,25,17,IGLB,0,0.0
qwen3,avg_prob,25,18,Platt,0,-0.22972319664240182
qwen3,avg_prob,25,18,IGHB (alpha 0.003),27,-0.11872492407135438
qwen3,avg_prob,25,18,IGHB long (alpha 1e-4),54,-0.11607751890020951
qwen3,avg_prob,25,18,noise aware IGHB,30,-0.1846201959703385
qwen3,avg_prob,25,18,holdout IGHB,33,-0.17012409371275866
qwen3,avg_prob,25,18,IGLB,1,-0.22936231567026122
qwen3,avg_prob,25,19,Platt,0,-0.2335378067112571
qwen3,avg_prob,25,19,IGHB (alpha 0.003),20,-0.18354988255243587
qwen3,avg_prob,25,19,IGHB long (alpha 1e-4),121,-0.12749986626676107
qwen3,avg_prob,25,19,noise aware IGHB,22,-0.1953446579028595
qwen3,avg_prob,25,19,holdout IGHB,45,-0.15520688104500735
qwen3,avg_prob,25,19,IGLB,1,-0.21504481296080238
qwen3,avg_prob,50,0,Platt,0,-0.2334207842057546
qwen3,avg_prob,50,0,IGHB (alpha 0.003),25,-0.18925072908355559
qwen3,avg_prob,50,0,IGHB long (alpha 1e-4),136,-0.15884035889901923
qwen3,avg_prob,50,0,noise aware IGHB,29,-0.2014598032761937
qwen3,avg_prob,50,0,holdout IGHB,43,-0.19860443317940726
qwen3,avg_prob,50,0,IGLB,5,-0.23638482811176853
qwen3,avg_prob,50,1,Platt,0,-0.22307861947568217
qwen3,avg_prob,50,1,IGHB (alpha 0.003),17,-0.20273918381816186
qwen3,avg_prob,50,1,IGHB long (alpha 1e-4),76,-0.1658699615829638
qwen3,avg_prob,50,1,noise aware IGHB,300,-0.1854174662897568
qwen3,avg_prob,50,1,holdout IGHB,34,-0.18153987039764827
qwen3,avg_prob,50,1,IGLB,2,-0.23860162415301236
qwen3,avg_prob,50,2,Platt,0,-0.22859126316858197
qwen3,avg_prob,50,2,IGHB (alpha 0.003),39,-0.19085103902654177
qwen3,avg_prob,50,2,IGHB long (alpha 1e-4),123,-0.15760496503518442
qwen3,avg_prob,50,2,noise aware IGHB,23,-0.21391493521409508
qwen3,avg_prob,50,2,holdout IGHB,36,-0.19109125293633536
qwen3,avg_prob,50,2,IGLB,2,-0.22479567662798888
qwen3,avg_prob,50,3,Platt,0,-0.2323677027831157
qwen3,avg_prob,50,3,IGHB (alpha 0.003),29,-0.17599609019875545
qwen3,avg_prob,50,3,IGHB long (alpha 1e-4),126,-0.14018621107054927
qwen3,avg_prob,50,3,noise aware IGHB,53,-0.19736888853491563
qwen3,avg_prob,50,3,holdout IGHB,41,-0.18098353076952173
qwen3,avg_prob,50,3,IGLB,2,-0.23510279902106215
qwen3,avg_prob,50,4,Platt,0,-0.230833140564732
qwen3,avg_prob,50,4,IGHB (alpha 0.003),19,-0.2058178239085217
qwen3,avg_prob,50,4,IGHB long (alpha 1e-4),76,-0.15437276001185707
qwen3,avg_prob,50,4,noise aware IGHB,21,-0.20874109566463456
qwen3,avg_prob,50,4,holdout IGHB,27,-0.20570486166210827
qwen3,avg_prob,50,4,IGLB,2,-0.23104191768580157
qwen3,avg_prob,50,5,Platt,0,-0.2309104088225248
qwen3,avg_prob,50,5,IGHB (alpha 0.003),19,-0.1902014321109619
qwen3,avg_prob,50,5,IGHB long (alpha 1e-4),97,-0.16031173232955426
qwen3,avg_prob,50,5,noise aware IGHB,28,-0.17888026871376286
qwen3,avg_prob,50,5,holdout IGHB,35,-0.1995005470467704
qwen3,avg_prob,50,5,IGLB,1,-0.22815315342892792
qwen3,avg_prob,50,6,Platt,0,-0.23267912750725575
qwen3,avg_prob,50,6,IGHB (alpha 0.003),17,-0.222191994537547
qwen3,avg_prob,50,6,IGHB long (alpha 1e-4),140,-0.14541219215070542
qwen3,avg_prob,50,6,noise aware IGHB,55,-0.2212402222653004
qwen3,avg_prob,50,6,holdout IGHB,50,-0.20982759439390966
qwen3,avg_prob,50,6,IGLB,1,-0.21616310156770607
qwen3,avg_prob,50,7,Platt,0,-0.22998784213812495
qwen3,avg_prob,50,7,IGHB (alpha 0.003),14,-0.20531727012264925
qwen3,avg_prob,50,7,IGHB long (alpha 1e-4),107,-0.14869782013451716
qwen3,avg_prob,50,7,noise aware IGHB,55,-0.20350060340976556
qwen3,avg_prob,50,7,holdout IGHB,51,-0.18608847636844505
qwen3,avg_prob,50,7,IGLB,1,-0.2288086932300622
qwen3,avg_prob,50,8,Platt,0,-0.23249365220271445
qwen3,avg_prob,50,8,IGHB (alpha 0.003),15,-0.21445764538257456
qwen3,avg_prob,50,8,IGHB long (alpha 1e-4),115,-0.18663857234483797
qwen3,avg_prob,50,8,noise aware IGHB,85,-0.22014507068692618
qwen3,avg_prob,50,8,holdout IGHB,45,-0.20801100952337365
qwen3,avg_prob,50,8,IGLB,2,-0.23421222280790685
qwen3,avg_prob,50,9,Platt,0,-0.2301673792183582
qwen3,avg_prob,50,9,IGHB (alpha 0.003),32,-0.1771564166385578
qwen3,avg_prob,50,9,IGHB long (alpha 1e-4),104,-0.11497784512493314
qwen3,avg_prob,50,9,noise aware IGHB,32,-0.17554158992939636
qwen3,avg_prob,50,9,holdout IGHB,35,-0.18528252842321552
qwen3,avg_prob,50,9,IGLB,3,-0.22667762599296398
qwen3,avg_prob,50,10,Platt,0,-0.2261223710770379
qwen3,avg_prob,50,10,IGHB (alpha 0.003),15,-0.2138141657360763
qwen3,avg_prob,50,10,IGHB long (alpha 1e-4),96,-0.17735686805136816
qwen3,avg_prob,50,10,noise aware IGHB,24,-0.20917488586463215
qwen3,avg_prob,50,10,holdout IGHB,29,-0.23025640711610446
qwen3,avg_prob,50,10,IGLB,3,-0.2307906651484281
qwen3,avg_prob,50,11,Platt,0,-0.19964589663130095
qwen3,avg_prob,50,11,IGHB (alpha 0.003),27,-0.1536482638100661
qwen3,avg_prob,50,11,IGHB long (alpha 1e-4),144,-0.11674886326926665
qwen3,avg_prob,50,11,noise aware IGHB,58,-0.17812605335323142
qwen3,avg_prob,50,11,holdout IGHB,35,-0.15973648944010102
qwen3,avg_prob,50,11,IGLB,1,-0.2081356322812862
qwen3,avg_prob,50,12,Platt,0,-0.2269699693580955
qwen3,avg_prob,50,12,IGHB (alpha 0.003),28,-0.1802664714444012
qwen3,avg_prob,50,12,IGHB long (alpha 1e-4),98,-0.1449765303740587
qwen3,avg_prob,50,12,noise aware IGHB,39,-0.17849991144050187
qwen3,avg_prob,50,12,holdout IGHB,43,-0.17842433472744285
qwen3,avg_prob,50,12,IGLB,2,-0.23827329803761474
qwen3,avg_prob,50,13,Platt,0,-0.23181048626145817
qwen3,avg_prob,50,13,IGHB (alpha 0.003),25,-0.19819384000633034
qwen3,avg_prob,50,13,IGHB long (alpha 1e-4),65,-0.18117011312178488
qwen3,avg_prob,50,13,noise aware IGHB,48,-0.21217845509507716
qwen3,avg_prob,50,13,holdout IGHB,49,-0.1967343326620509
qwen3,avg_prob,50,13,IGLB,1,-0.21892494200478727
qwen3,avg_prob,50,14,Platt,0,-0.2233084288207526
qwen3,avg_prob,50,14,IGHB (alpha 0.003),14,-0.1942103709764213
qwen3,avg_prob,50,14,IGHB long (alpha 1e-4),118,-0.12392315345294397
qwen3,avg_prob,50,14,noise aware IGHB,19,-0.2047676099155024
qwen3,avg_prob,50,14,holdout IGHB,40,-0.1815386599810526
qwen3,avg_prob,50,14,IGLB,2,-0.23443031363937508
qwen3,avg_prob,50,15,Platt,0,-0.22972388975795363
qwen3,avg_prob,50,15,IGHB (alpha 0.003),17,-0.18852324640184984
qwen3,avg_prob,50,15,IGHB long (alpha 1e-4),127,-0.1310345522182889
qwen3,avg_prob,50,15,noise aware IGHB,64,-0.1850243923135921
qwen3,avg_prob,50,15,holdout IGHB,35,-0.18565097347986267
qwen3,avg_prob,50,15,IGLB,4,-0.22470350513339812
qwen3,avg_prob,50,16,Platt,0,-0.2323143203501182
qwen3,avg_prob,50,16,IGHB (alpha 0.003),21,-0.21400059240845895
qwen3,avg_prob,50,16,IGHB long (alpha 1e-4),131,-0.17637872830071885
qwen3,avg_prob,50,16,noise aware IGHB,27,-0.22154921004391018
qwen3,avg_prob,50,16,holdout IGHB,42,-0.2022587712016255
qwen3,avg_prob,50,16,IGLB,2,-0.2215716681344682
qwen3,avg_prob,50,17,Platt,0,-0.23328356376835818
qwen3,avg_prob,50,17,IGHB (alpha 0.003),19,-0.20000452770947053
qwen3,avg_prob,50,17,IGHB long (alpha 1e-4),97,-0.15535574919190936
qwen3,avg_prob,50,17,noise aware IGHB,40,-0.20880968917291676
qwen3,avg_prob,50,17,holdout IGHB,34,-0.19200470110000623
qwen3,avg_prob,50,17,IGLB,0,0.0
qwen3,avg_prob,50,18,Platt,0,-0.22160838459044382
qwen3,avg_prob,50,18,IGHB (alpha 0.003),29,-0.18693159719800623
qwen3,avg_prob,50,18,IGHB long (alpha 1e-4),98,-0.16721416504062972
qwen3,avg_prob,50,18,noise aware IGHB,34,-0.16583481300538158
qwen3,avg_prob,50,18,holdout IGHB,57,-0.15423917287653754
qwen3,avg_prob,50,18,IGLB,0,0.0
qwen3,avg_prob,50,19,Platt,0,-0.23146255353821646
qwen3,avg_prob,50,19,IGHB (alpha 0.003),33,-0.21071913522979963
qwen3,avg_prob,50,19,IGHB long (alpha 1e-4),108,-0.18030408984108323
qwen3,avg_prob,50,19,noise aware IGHB,48,-0.20599338506217477
qwen3,avg_prob,50,19,holdout IGHB,35,-0.22413844992985588
qwen3,avg_prob,50,19,IGLB,2,-0.22855766075163952
qwen3,avg_prob,100,0,Platt,0,-0.2312681396551017
qwen3,avg_prob,100,0,IGHB (alpha 0.003),18,-0.22618607553881032
qwen3,avg_prob,100,0,IGHB long (alpha 1e-4),118,-0.1887867828348249
qwen3,avg_prob,100,0,noise aware IGHB,111,-0.22908903302427508
qwen3,avg_prob,100,0,holdout IGHB,54,-0.2158232595843186
qwen3,avg_prob,100,0,IGLB,4,-0.2381727238481602
qwen3,avg_prob,100,1,Platt,0,-0.22739344165133812
qwen3,avg_prob,100,1,IGHB (alpha 0.003),18,-0.2093117998820948
qwen3,avg_prob,100,1,IGHB long (alpha 1e-4),126,-0.1884952580139483
qwen3,avg_prob,100,1,noise aware IGHB,68,-0.21349631745967704
qwen3,avg_prob,100,1,holdout IGHB,31,-0.22752224906009275
qwen3,avg_prob,100,1,IGLB,1,-0.21889462397389686
qwen3,avg_prob,100,2,Platt,0,-0.22932996331853678
qwen3,avg_prob,100,2,IGHB (alpha 0.003),14,-0.206805699560338
qwen3,avg_prob,100,2,IGHB long (alpha 1e-4),140,-0.18021248885529847
qwen3,avg_prob,100,2,noise aware IGHB,48,-0.20811874369909297
qwen3,avg_prob,100,2,holdout IGHB,87,-0.21584165070597522
qwen3,avg_prob,100,2,IGLB,3,-0.23868821038891805
qwen3,avg_prob,100,3,Platt,0,-0.23288653608798138
qwen3,avg_prob,100,3,IGHB (alpha 0.003),14,-0.222523211403953
qwen3,avg_prob,100,3,IGHB long (alpha 1e-4),128,-0.20130994952080083
qwen3,avg_prob,100,3,noise aware IGHB,73,-0.21863452332582708
qwen3,avg_prob,100,3,holdout IGHB,51,-0.20558815207622505
qwen3,avg_prob,100,3,IGLB,1,-0.21865907246220245
qwen3,avg_prob,100,4,Platt,0,-0.23222370939524747
qwen3,avg_prob,100,4,IGHB (alpha 0.003),21,-0.22566211426215899
qwen3,avg_prob,100,4,IGHB long (alpha 1e-4),161,-0.20280103617818707
qwen3,avg_prob,100,4,noise aware IGHB,67,-0.2198893687177412
qwen3,avg_prob,100,4,holdout IGHB,42,-0.21148137049585067
qwen3,avg_prob,100,4,IGLB,2,-0.21527936456611294
qwen3,avg_prob,100,5,Platt,0,-0.22869019603846452
qwen3,avg_prob,100,5,IGHB (alpha 0.003),21,-0.20737436263936052
qwen3,avg_prob,100,5,IGHB long (alpha 1e-4),133,-0.19466002643979496
qwen3,avg_prob,100,5,noise aware IGHB,22,-0.21695758535313414
qwen3,avg_prob,100,5,holdout IGHB,33,-0.21765967813051681
qwen3,avg_prob,100,5,IGLB,3,-0.22344714264367027
qwen3,avg_prob,100,6,Platt,0,-0.2323931188450096
qwen3,avg_prob,100,6,IGHB (alpha 0.003),16,-0.21819451424911074
qwen3,avg_prob,100,6,IGHB long (alpha 1e-4),138,-0.1802058443178671
qwen3,avg_prob,100,6,noise aware IGHB,92,-0.22518437095911265
qwen3,avg_prob,100,6,holdout IGHB,32,-0.2089173881647223
qwen3,avg_prob,100,6,IGLB,4,-0.2308991234084478
qwen3,avg_prob,100,7,Platt,0,-0.22880421572668924
qwen3,avg_prob,100,7,IGHB (alpha 0.003),22,-0.22062750353009414
qwen3,avg_prob,100,7,IGHB long (alpha 1e-4),106,-0.20448929451093203
qwen3,avg_prob,100,7,noise aware IGHB,81,-0.2198678324190342
qwen3,avg_prob,100,7,holdout IGHB,30,-0.21515282951056983
qwen3,avg_prob,100,7,IGLB,1,-0.21911377356888007
qwen3,avg_prob,100,8,Platt,0,-0.23214891845058316
qwen3,avg_prob,100,8,IGHB (alpha 0.003),23,-0.22257750722263459
qwen3,avg_prob,100,8,IGHB long (alpha 1e-4),160,-0.20036729233491035
qwen3,avg_prob,100,8,noise aware IGHB,82,-0.21621801852098255
qwen3,avg_prob,100,8,holdout IGHB,33,-0.22126905448192602
qwen3,avg_prob,100,8,IGLB,4,-0.24147048237803642
qwen3,avg_prob,100,9,Platt,0,-0.2318143795953581
qwen3,avg_prob,100,9,IGHB (alpha 0.003),15,-0.2089556390746416
qwen3,avg_prob,100,9,IGHB long (alpha 1e-4),141,-0.18648765927840966
qwen3,avg_prob,100,9,noise aware IGHB,65,-0.20604294144686652
qwen3,avg_prob,100,9,holdout IGHB,45,-0.21422135302773562
qwen3,avg_prob,100,9,IGLB,4,-0.2375012446836481
qwen3,avg_prob,100,10,Platt,0,-0.22849156773655152
qwen3,avg_prob,100,10,IGHB (alpha 0.003),15,-0.21610186856075328
qwen3,avg_prob,100,10,IGHB long (alpha 1e-4),110,-0.2016695459142221
qwen3,avg_prob,100,10,noise aware IGHB,145,-0.22506754762249861
qwen3,avg_prob,100,10,holdout IGHB,44,-0.21774529204309567
qwen3,avg_prob,100,10,IGLB,2,-0.22927027035180983
qwen3,avg_prob,100,11,Platt,0,-0.22903756042516482
qwen3,avg_prob,100,11,IGHB (alpha 0.003),15,-0.21518737851931743
qwen3,avg_prob,100,11,IGHB long (alpha 1e-4),137,-0.20216700858738082
qwen3,avg_prob,100,11,noise aware IGHB,32,-0.20386342372240662
qwen3,avg_prob,100,11,holdout IGHB,47,-0.1998950930706256
qwen3,avg_prob,100,11,IGLB,2,-0.2022759293901255
qwen3,avg_prob,100,12,Platt,0,-0.23308575835752968
qwen3,avg_prob,100,12,IGHB (alpha 0.003),11,-0.22845840697911096
qwen3,avg_prob,100,12,IGHB long (alpha 1e-4),118,-0.19178996546987953
qwen3,avg_prob,100,12,noise aware IGHB,112,-0.22639726773438235
qwen3,avg_prob,100,12,holdout IGHB,54,-0.21063498979946543
qwen3,avg_prob,100,12,IGLB,2,-0.23512411216511167
qwen3,avg_prob,100,13,Platt,0,-0.22362853529054355
qwen3,avg_prob,100,13,IGHB (alpha 0.003),15,-0.22312890576429537
qwen3,avg_prob,100,13,IGHB long (alpha 1e-4),187,-0.1865802556485161
qwen3,avg_prob,100,13,noise aware IGHB,75,-0.21574530858911162
qwen3,avg_prob,100,13,holdout IGHB,31,-0.2175365075075468
qwen3,avg_prob,100,13,IGLB,2,-0.21292302579689504
qwen3,avg_prob,100,14,Platt,0,-0.2239829873677404
qwen3,avg_prob,100,14,IGHB (alpha 0.003),11,-0.2083927753942011
qwen3,avg_prob,100,14,IGHB long (alpha 1e-4),168,-0.19151803411540474
qwen3,avg_prob,100,14,noise aware IGHB,83,-0.20598813598620946
qwen3,avg_prob,100,14,holdout IGHB,44,-0.2023261107724087
qwen3,avg_prob,100,14,IGLB,1,-0.2164806508732352
qwen3,avg_prob,100,15,Platt,0,-0.23234926844262402
qwen3,avg_prob,100,15,IGHB (alpha 0.003),16,-0.22271277667003478
qwen3,avg_prob,100,15,IGHB long (alpha 1e-4),137,-0.1944101883823172
qwen3,avg_prob,100,15,noise aware IGHB,124,-0.22130945703769975
qwen3,avg_prob,100,15,holdout IGHB,30,-0.2220674447762707
qwen3,avg_prob,100,15,IGLB,1,-0.21813876540428068
qwen3,avg_prob,100,16,Platt,0,-0.23326088575158957
qwen3,avg_prob,100,16,IGHB (alpha 0.003),18,-0.2320559368967051
qwen3,avg_prob,100,16,IGHB long (alpha 1e-4),200,-0.18947736836294565
qwen3,avg_prob,100,16,noise aware IGHB,68,-0.23333984511879324
qwen3,avg_prob,100,16,holdout IGHB,41,-0.22674345115807484
qwen3,avg_prob,100,16,IGLB,3,-0.23751119881260735
qwen3,avg_prob,100,17,Platt,0,-0.22977876119365487
qwen3,avg_prob,100,17,IGHB (alpha 0.003),11,-0.21885018856794508
qwen3,avg_prob,100,17,IGHB long (alpha 1e-4),160,-0.17175220147419243
qwen3,avg_prob,100,17,noise aware IGHB,134,-0.2193000046136663
qwen3,avg_prob,100,17,holdout IGHB,40,-0.20978257020285543
qwen3,avg_prob,100,17,IGLB,2,-0.233520657295391
qwen3,avg_prob,100,18,Platt,0,-0.23372542574475402
qwen3,avg_prob,100,18,IGHB (alpha 0.003),19,-0.21380759306613686
qwen3,avg_prob,100,18,IGHB long (alpha 1e-4),90,-0.18879115894043733
qwen3,avg_prob,100,18,noise aware IGHB,68,-0.217880406899995
qwen3,avg_prob,100,18,holdout IGHB,52,-0.21745755298459052
qwen3,avg_prob,100,18,IGLB,1,-0.21802049544131497
qwen3,avg_prob,100,19,Platt,0,-0.22914613405916937
qwen3,avg_prob,100,19,IGHB (alpha 0.003),17,-0.2134259715021464
qwen3,avg_prob,100,19,IGHB long (alpha 1e-4),208,-0.16446607572065894
qwen3,avg_prob,100,19,noise aware IGHB,81,-0.19448438922087444
qwen3,avg_prob,100,19,holdout IGHB,31,-0.21087017168663005
qwen3,avg_prob,100,19,IGLB,3,-0.19171279873638583
qwen3,avg_prob,200,0,Platt,0,-0.2307961990920186
qwen3,avg_prob,200,0,IGHB (alpha 0.003),14,-0.22851176336800827
qwen3,avg_prob,200,0,IGHB long (alpha 1e-4),128,-0.22114032003498182
qwen3,avg_prob,200,0,noise aware IGHB,218,-0.22834448792945786
qwen3,avg_prob,200,0,holdout IGHB,41,-0.23280145250072312
qwen3,avg_prob,200,0,IGLB,2,-0.23776670601098807
qwen3,avg_prob,200,1,Platt,0,-0.2313725055077408
qwen3,avg_prob,200,1,IGHB (alpha 0.003),22,-0.22930002386166193
qwen3,avg_prob,200,1,IGHB long (alpha 1e-4),162,-0.21090487556939144
qwen3,avg_prob,200,1,noise aware IGHB,54,-0.22776549681305308
qwen3,avg_prob,200,1,holdout IGHB,38,-0.2382547402308008
qwen3,avg_prob,200,1,IGLB,1,-0.23048859796076446
qwen3,avg_prob,200,2,Platt,0,-0.229941829923855
qwen3,avg_prob,200,2,IGHB (alpha 0.003),14,-0.22973048571432605
qwen3,avg_prob,200,2,IGHB long (alpha 1e-4),168,-0.22222161237852997
qwen3,avg_prob,200,2,noise aware IGHB,139,-0.23197460952913831
qwen3,avg_prob,200,2,holdout IGHB,40,-0.2286153481702842
qwen3,avg_prob,200,2,IGLB,2,-0.23073530941431403
qwen3,avg_prob,200,3,Platt,0,-0.23189492776001328
qwen3,avg_prob,200,3,IGHB (alpha 0.003),14,-0.22732220889751675
qwen3,avg_prob,200,3,IGHB long (alpha 1e-4),197,-0.2143892294594505
qwen3,avg_prob,200,3,noise aware IGHB,300,-0.2265118433665914
qwen3,avg_prob,200,3,holdout IGHB,43,-0.2318030423691824
qwen3,avg_prob,200,3,IGLB,4,-0.23855048396808254
qwen3,avg_prob,200,4,Platt,0,-0.23117744276806323
qwen3,avg_prob,200,4,IGHB (alpha 0.003),19,-0.23464806257992538
qwen3,avg_prob,200,4,IGHB long (alpha 1e-4),159,-0.21819399026068798
qwen3,avg_prob,200,4,noise aware IGHB,95,-0.22869385310376708
qwen3,avg_prob,200,4,holdout IGHB,61,-0.22974748440201329
qwen3,avg_prob,200,4,IGLB,1,-0.23011268513085098
qwen3,avg_prob,200,5,Platt,0,-0.23233251576885214
qwen3,avg_prob,200,5,IGHB (alpha 0.003),15,-0.23058341727395773
qwen3,avg_prob,200,5,IGHB long (alpha 1e-4),165,-0.2139460561346333
qwen3,avg_prob,200,5,noise aware IGHB,124,-0.22828297609543624
qwen3,avg_prob,200,5,holdout IGHB,40,-0.23684842265574485
qwen3,avg_prob,200,5,IGLB,5,-0.24428351918854385
qwen3,avg_prob,200,6,Platt,0,-0.23095958170623182
qwen3,avg_prob,200,6,IGHB (alpha 0.003),18,-0.226506071762916
qwen3,avg_prob,200,6,IGHB long (alpha 1e-4),147,-0.21980502227821988
qwen3,avg_prob,200,6,noise aware IGHB,48,-0.22797638090602335
qwen3,avg_prob,200,6,holdout IGHB,42,-0.22977596740549672
qwen3,avg_prob,200,6,IGLB,2,-0.236972941034745
qwen3,avg_prob,200,7,Platt,0,-0.23191974502862195
qwen3,avg_prob,200,7,IGHB (alpha 0.003),13,-0.22920236182428913
qwen3,avg_prob,200,7,IGHB long (alpha 1e-4),174,-0.22510279395863125
qwen3,avg_prob,200,7,noise aware IGHB,46,-0.2247667213941383
qwen3,avg_prob,200,7,holdout IGHB,46,-0.23471864077160842
qwen3,avg_prob,200,7,IGLB,3,-0.23864549170705984
qwen3,avg_prob,200,8,Platt,0,-0.23167442528216917
qwen3,avg_prob,200,8,IGHB (alpha 0.003),20,-0.23526477546790187
qwen3,avg_prob,200,8,IGHB long (alpha 1e-4),121,-0.22157277406846457
qwen3,avg_prob,200,8,noise aware IGHB,53,-0.22872359282505078
qwen3,avg_prob,200,8,holdout IGHB,54,-0.22854034198302503
qwen3,avg_prob,200,8,IGLB,2,-0.23627356611774486
qwen3,avg_prob,200,9,Platt,0,-0.23124053755804946
qwen3,avg_prob,200,9,IGHB (alpha 0.003),14,-0.2292412125600108
qwen3,avg_prob,200,9,IGHB long (alpha 1e-4),156,-0.2124201803579076
qwen3,avg_prob,200,9,noise aware IGHB,210,-0.22967901257203316
qwen3,avg_prob,200,9,holdout IGHB,50,-0.23228975404769614
qwen3,avg_prob,200,9,IGLB,3,-0.2338443043732782
qwen3,avg_prob,200,10,Platt,0,-0.23181489946890702
qwen3,avg_prob,200,10,IGHB (alpha 0.003),18,-0.22882362521843513
qwen3,avg_prob,200,10,IGHB long (alpha 1e-4),137,-0.21761307111690215
qwen3,avg_prob,200,10,noise aware IGHB,161,-0.23436192551092996
qwen3,avg_prob,200,10,holdout IGHB,43,-0.23348112157455983
qwen3,avg_prob,200,10,IGLB,2,-0.23468364906289893
qwen3,avg_prob,200,11,Platt,0,-0.2314329829551001
qwen3,avg_prob,200,11,IGHB (alpha 0.003),18,-0.22234029718803985
qwen3,avg_prob,200,11,IGHB long (alpha 1e-4),140,-0.22314345795267118
qwen3,avg_prob,200,11,noise aware IGHB,55,-0.2289979514243853
qwen3,avg_prob,200,11,holdout IGHB,47,-0.23296399526035227
qwen3,avg_prob,200,11,IGLB,2,-0.23407979523107972
qwen3,avg_prob,200,12,Platt,0,-0.23124618437557976
qwen3,avg_prob,200,12,IGHB (alpha 0.003),17,-0.23226100813218692
qwen3,avg_prob,200,12,IGHB long (alpha 1e-4),146,-0.224259799337587
qwen3,avg_prob,200,12,noise aware IGHB,114,-0.22513017190332318
qwen3,avg_prob,200,12,holdout IGHB,36,-0.22561632877308085
qwen3,avg_prob,200,12,IGLB,1,-0.22920290924371706
qwen3,avg_prob,200,13,Platt,0,-0.23070410526000626
qwen3,avg_prob,200,13,IGHB (alpha 0.003),16,-0.22592503695495458
qwen3,avg_prob,200,13,IGHB long (alpha 1e-4),143,-0.2142527242709602
qwen3,avg_prob,200,13,noise aware IGHB,50,-0.22682483152536445
qwen3,avg_prob,200,13,holdout IGHB,52,-0.23084546865230146
qwen3,avg_prob,200,13,IGLB,4,-0.23243095672478795
qwen3,avg_prob,200,14,Platt,0,-0.23202349712608064
qwen3,avg_prob,200,14,IGHB (alpha 0.003),16,-0.23703046332851355
qwen3,avg_prob,200,14,IGHB long (alpha 1e-4),136,-0.2273908559745856
qwen3,avg_prob,200,14,noise aware IGHB,101,-0.23562697734355187
qwen3,avg_prob,200,14,holdout IGHB,39,-0.22816738270041662
qwen3,avg_prob,200,14,IGLB,4,-0.23514494206289294
qwen3,avg_prob,200,15,Platt,0,-0.23197837279556835
qwen3,avg_prob,200,15,IGHB (alpha 0.003),13,-0.23054183171243128
qwen3,avg_prob,200,15,IGHB long (alpha 1e-4),105,-0.22386662212381447
qwen3,avg_prob,200,15,noise aware IGHB,235,-0.2282278295468243
qwen3,avg_prob,200,15,holdout IGHB,40,-0.23483264254529587
qwen3,avg_prob,200,15,IGLB,3,-0.24265789027857954
qwen3,avg_prob,200,16,Platt,0,-0.23162868761861494
qwen3,avg_prob,200,16,IGHB (alpha 0.003),21,-0.23107642281319055
qwen3,avg_prob,200,16,IGHB long (alpha 1e-4),139,-0.21813988096746018
qwen3,avg_prob,200,16,noise aware IGHB,116,-0.22395981267047135
qwen3,avg_prob,200,16,holdout IGHB,40,-0.22573564123800546
qwen3,avg_prob,200,16,IGLB,2,-0.23552954477317564
qwen3,avg_prob,200,17,Platt,0,-0.23197390325754902
qwen3,avg_prob,200,17,IGHB (alpha 0.003),14,-0.22978734187784738
qwen3,avg_prob,200,17,IGHB long (alpha 1e-4),146,-0.21764775336724432
qwen3,avg_prob,200,17,noise aware IGHB,94,-0.22666574903174877
qwen3,avg_prob,200,17,holdout IGHB,32,-0.22775816860782114
qwen3,avg_prob,200,17,IGLB,3,-0.2373899826636212
qwen3,avg_prob,200,18,Platt,0,-0.23087355061786122
qwen3,avg_prob,200,18,IGHB (alpha 0.003),15,-0.23090898323791842
qwen3,avg_prob,200,18,IGHB long (alpha 1e-4),157,-0.22075818640197986
qwen3,avg_prob,200,18,noise aware IGHB,84,-0.2272612450647708
qwen3,avg_prob,200,18,holdout IGHB,48,-0.23171179994445482
qwen3,avg_prob,200,18,IGLB,2,-0.23553417822150263
qwen3,avg_prob,200,19,Platt,0,-0.23202894077316089
qwen3,avg_prob,200,19,IGHB (alpha 0.003),12,-0.2348123360312298
qwen3,avg_prob,200,19,IGHB long (alpha 1e-4),133,-0.22860775675629352
qwen3,avg_prob,200,19,noise aware IGHB,82,-0.23239391705471554
qwen3,avg_prob,200,19,holdout IGHB,44,-0.22595847824832596
qwen3,avg_prob,200,19,IGLB,2,-0.2360269715142408
qwen3,avg_prob,211,0,Platt,0,-0.23162150907508744
qwen3,avg_prob,211,0,IGHB (alpha 0.003),17,-0.23442153332530305
qwen3,avg_prob,211,0,IGHB long (alpha 1e-4),138,-0.2226594708965627
qwen3,avg_prob,211,0,noise aware IGHB,89,-0.2286949764210451
qwen3,avg_prob,211,0,holdout IGHB,43,-0.2201352907728675
qwen3,avg_prob,211,0,IGLB,2,-0.23523813187419776
qwen3,B2,25,0,Platt,0,0.0003592866543575268
qwen3,B2,25,0,IGHB (alpha 0.003),24,0.09908107615762707
qwen3,B2,25,0,IGHB long (alpha 1e-4),45,0.1257964732228294
qwen3,B2,25,0,noise aware IGHB,10,0.0006490567070044223
qwen3,B2,25,0,holdout IGHB,35,0.08526396420633744
qwen3,B2,25,0,IGLB,0,0.0
qwen3,B2,25,1,Platt,0,0.03669982767572064
qwen3,B2,25,1,IGHB (alpha 0.003),33,0.10489626415753259
qwen3,B2,25,1,IGHB long (alpha 1e-4),52,0.11181796759866752
qwen3,B2,25,1,noise aware IGHB,29,0.0007569028365548014
qwen3,B2,25,1,holdout IGHB,16,0.060311642269150784
qwen3,B2,25,1,IGLB,0,0.0
qwen3,B2,25,2,Platt,0,-0.000430309926614178
qwen3,B2,25,2,IGHB (alpha 0.003),20,0.07079473522315854
qwen3,B2,25,2,IGHB long (alpha 1e-4),46,0.08761475216986309
qwen3,B2,25,2,noise aware IGHB,4,0.0025192126025191247
qwen3,B2,25,2,holdout IGHB,39,0.08002903067634773
qwen3,B2,25,2,IGLB,0,0.0
qwen3,B2,25,3,Platt,0,0.006015520970940408
qwen3,B2,25,3,IGHB (alpha 0.003),17,0.04952260926309518
qwen3,B2,25,3,IGHB long (alpha 1e-4),37,0.05562633389129043
qwen3,B2,25,3,noise aware IGHB,11,0.021774947109278797
qwen3,B2,25,3,holdout IGHB,37,0.057216758468613294
qwen3,B2,25,3,IGLB,0,0.0
qwen3,B2,25,4,Platt,0,0.0018673508635703856
qwen3,B2,25,4,IGHB (alpha 0.003),22,0.06444938569492173
qwen3,B2,25,4,IGHB long (alpha 1e-4),68,0.09031468248418961
qwen3,B2,25,4,noise aware IGHB,2,0.004462494085335902
qwen3,B2,25,4,holdout IGHB,25,0.04644326820631006
qwen3,B2,25,4,IGLB,0,0.0
qwen3,B2,25,5,Platt,0,0.004988641233426766
qwen3,B2,25,5,IGHB (alpha 0.003),34,0.05493263155131059
qwen3,B2,25,5,IGHB long (alpha 1e-4),64,0.06762041467275742
qwen3,B2,25,5,noise aware IGHB,4,0.01062756608714048
qwen3,B2,25,5,holdout IGHB,36,0.0521987950232439
qwen3,B2,25,5,IGLB,0,0.0
qwen3,B2,25,6,Platt,0,-0.0005207380917331
qwen3,B2,25,6,IGHB (alpha 0.003),25,0.050992117658527264
qwen3,B2,25,6,IGHB long (alpha 1e-4),73,0.07566266162889315
qwen3,B2,25,6,noise aware IGHB,32,0.00608649532635476
qwen3,B2,25,6,holdout IGHB,25,0.0337254926847845
qwen3,B2,25,6,IGLB,0,0.0
qwen3,B2,25,7,Platt,0,0.03554424028157502
qwen3,B2,25,7,IGHB (alpha 0.003),26,0.11193205252045763
qwen3,B2,25,7,IGHB long (alpha 1e-4),39,0.11787718009006262
qwen3,B2,25,7,noise aware IGHB,6,0.017764628988539533
qwen3,B2,25,7,holdout IGHB,71,0.11419774398228139
qwen3,B2,25,7,IGLB,0,0.0
qwen3,B2,25,8,Platt,0,-5.0531165358636e-05
qwen3,B2,25,8,IGHB (alpha 0.003),22,0.04191990685509889
qwen3,B2,25,8,IGHB long (alpha 1e-4),62,0.08251185960170268
qwen3,B2,25,8,noise aware IGHB,11,0.0014839824020233955
qwen3,B2,25,8,holdout IGHB,37,0.04954671651164638
qwen3,B2,25,8,IGLB,1,0.0014272367839773953
qwen3,B2,25,9,Platt,0,0.017366218506436548
qwen3,B2,25,9,IGHB (alpha 0.003),21,0.072909683193259
qwen3,B2,25,9,IGHB long (alpha 1e-4),60,0.11358105042716646
qwen3,B2,25,9,noise aware IGHB,19,0.015139309995737704
qwen3,B2,25,9,holdout IGHB,38,0.09369904404443039
qwen3,B2,25,9,IGLB,1,0.06321827767049298
qwen3,B2,25,10,Platt,0,0.0006162564733071668
qwen3,B2,25,10,IGHB (alpha 0.003),18,0.06355360297593979
qwen3,B2,25,10,IGHB long (alpha 1e-4),50,0.0775419794073414
qwen3,B2,25,10,noise aware IGHB,14,0.011869123116466818
qwen3,B2,25,10,holdout IGHB,31,0.06360569864826596
qwen3,B2,25,10,IGLB,0,0.0
qwen3,B2,25,11,Platt,0,0.0022601364460178575
qwen3,B2,25,11,IGHB (alpha 0.003),28,0.06218693616642598
qwen3,B2,25,11,IGHB long (alpha 1e-4),43,0.08051154537455457
qwen3,B2,25,11,noise aware IGHB,51,0.01946190165239034
qwen3,B2,25,11,holdout IGHB,51,0.06803245586104531
qwen3,B2,25,11,IGLB,0,0.0
qwen3,B2,25,12,Platt,0,0.0007096158794125673
qwen3,B2,25,12,IGHB (alpha 0.003),23,0.07105174289080152
qwen3,B2,25,12,IGHB long (alpha 1e-4),59,0.0831883635575403
qwen3,B2,25,12,noise aware IGHB,4,0.0022389413364205246
qwen3,B2,25,12,holdout IGHB,28,0.053968640945680435
qwen3,B2,25,12,IGLB,0,0.0
qwen3,B2,25,13,Platt,0,0.0006138018328446793
qwen3,B2,25,13,IGHB (alpha 0.003),21,0.027892745781557204
qwen3,B2,25,13,IGHB long (alpha 1e-4),75,0.05243892264606034
qwen3,B2,25,13,noise aware IGHB,1,-2.076670434107697e-05
qwen3,B2,25,13,holdout IGHB,10,0.011154609365343737
qwen3,B2,25,13,IGLB,0,0.0
qwen3,B2,25,14,Platt,0,0.023611859341459818
qwen3,B2,25,14,IGHB (alpha 0.003),16,0.045934394241700205
qwen3,B2,25,14,IGHB long (alpha 1e-4),56,0.06899383722311725
qwen3,B2,25,14,noise aware IGHB,6,0.004736127945797974
qwen3,B2,25,14,holdout IGHB,52,0.038601388745506116
qwen3,B2,25,14,IGLB,3,0.021653224350869832
qwen3,B2,25,15,Platt,0,0.004227064069797032
qwen3,B2,25,15,IGHB (alpha 0.003),22,0.07451299012993717
qwen3,B2,25,15,IGHB long (alpha 1e-4),47,0.10151400754768017
qwen3,B2,25,15,noise aware IGHB,33,-0.0002041734779633514
qwen3,B2,25,15,holdout IGHB,33,0.08390529347715434
qwen3,B2,25,15,IGLB,0,0.0
qwen3,B2,25,16,Platt,0,0.0023997617626113216
qwen3,B2,25,16,IGHB (alpha 0.003),24,0.048155358764887995
qwen3,B2,25,16,IGHB long (alpha 1e-4),43,0.07028169455057814
qwen3,B2,25,16,noise aware IGHB,5,0.0014586375073764174
qwen3,B2,25,16,holdout IGHB,56,0.06168834310965185
qwen3,B2,25,16,IGLB,0,0.0
qwen3,B2,25,17,Platt,0,0.004752200923619068
qwen3,B2,25,17,IGHB (alpha 0.003),14,0.03626140907286032
qwen3,B2,25,17,IGHB long (alpha 1e-4),52,0.06454213673581582
qwen3,B2,25,17,noise aware IGHB,5,0.0077860247719119535
qwen3,B2,25,17,holdout IGHB,25,0.033116872391504154
qwen3,B2,25,17,IGLB,0,0.0
qwen3,B2,25,18,Platt,0,0.0037154363418853004
qwen3,B2,25,18,IGHB (alpha 0.003),21,0.04352873759793008
qwen3,B2,25,18,IGHB long (alpha 1e-4),68,0.09299531075450007
qwen3,B2,25,18,noise aware IGHB,3,-3.780879894212108e-05
qwen3,B2,25,18,holdout IGHB,36,0.05536672327800618
qwen3,B2,25,18,IGLB,0,0.0
qwen3,B2,25,19,Platt,0,0.005290562841885824
qwen3,B2,25,19,IGHB (alpha 0.003),28,0.06662499328202018
qwen3,B2,25,19,IGHB long (alpha 1e-4),92,0.10636416580041783
qwen3,B2,25,19,noise aware IGHB,7,0.0007445783735713085
qwen3,B2,25,19,holdout IGHB,29,0.07322809588688056
qwen3,B2,25,19,IGLB,0,0.0
qwen3,B2,50,0,Platt,0,0.0059538442168508565
qwen3,B2,50,0,IGHB (alpha 0.003),16,0.02267975766703817
qwen3,B2,50,0,IGHB long (alpha 1e-4),147,0.07949150069184979
qwen3,B2,50,0,noise aware IGHB,32,0.005427388666104066
qwen3,B2,50,0,holdout IGHB,23,0.028916864876530307
qwen3,B2,50,0,IGLB,2,0.004601073654307786
qwen3,B2,50,1,Platt,0,0.009539595248940824
qwen3,B2,50,1,IGHB (alpha 0.003),11,0.04354891222707066
qwen3,B2,50,1,IGHB long (alpha 1e-4),73,0.08932386320340133
qwen3,B2,50,1,noise aware IGHB,30,0.045307680511549875
qwen3,B2,50,1,holdout IGHB,25,0.0690186802731278
qwen3,B2,50,1,IGLB,1,0.022217675823445332
qwen3,B2,50,2,Platt,0,-0.00020585466626178717
qwen3,B2,50,2,IGHB (alpha 0.003),29,0.06252917075891012
qwen3,B2,50,2,IGHB long (alpha 1e-4),75,0.08305305034126498
qwen3,B2,50,2,noise aware IGHB,33,0.0037744498553039935
qwen3,B2,50,2,holdout IGHB,20,0.0564789862979794
qwen3,B2,50,2,IGLB,1,0.02365251387138745
qwen3,B2,50,3,Platt,0,0.0026808586299441467
qwen3,B2,50,3,IGHB (alpha 0.003),18,0.03835711493342142
qwen3,B2,50,3,IGHB long (alpha 1e-4),110,0.06950896387618269
qwen3,B2,50,3,noise aware IGHB,41,0.007087782672485027
qwen3,B2,50,3,holdout IGHB,17,0.03142202116956935
qwen3,B2,50,3,IGLB,0,0.0
qwen3,B2,50,4,Platt,0,-8.366469576738533e-05
qwen3,B2,50,4,IGHB (alpha 0.003),29,0.0308922167960278
qwen3,B2,50,4,IGHB long (alpha 1e-4),107,0.061758179921928086
qwen3,B2,50,4,noise aware IGHB,27,0.015034281177447942
qwen3,B2,50,4,holdout IGHB,39,0.03664532680832064
qwen3,B2,50,4,IGLB,0,0.0
qwen3,B2,50,5,Platt,0,0.00019244949810795497
qwen3,B2,50,5,IGHB (alpha 0.003),20,0.03547766724140611
qwen3,B2,50,5,IGHB long (alpha 1e-4),106,0.08246618784080664
qwen3,B2,50,5,noise aware IGHB,82,0.010410261157301176
qwen3,B2,50,5,holdout IGHB,28,0.03107728738077023
qwen3,B2,50,5,IGLB,0,0.0
qwen3,B2,50,6,Platt,0,0.006267282117301917
qwen3,B2,50,6,IGHB (alpha 0.003),19,0.03563428884630748
qwen3,B2,50,6,IGHB long (alpha 1e-4),112,0.09850802482614135
qwen3,B2,50,6,noise aware IGHB,30,0.016339699752680403
qwen3,B2,50,6,holdout IGHB,39,0.05360447208417918
qwen3,B2,50,6,IGLB,1,0.0062852088809522005
qwen3,B2,50,7,Platt,0,0.002966517586335121
qwen3,B2,50,7,IGHB (alpha 0.003),17,0.035244501851078
qwen3,B2,50,7,IGHB long (alpha 1e-4),94,0.07837802490032322
qwen3,B2,50,7,noise aware IGHB,43,0.014882003029548743
qwen3,B2,50,7,holdout IGHB,29,0.04518811860177088
qwen3,B2,50,7,IGLB,0,0.0
qwen3,B2,50,8,Platt,0,-0.0003456028331585981
qwen3,B2,50,8,IGHB (alpha 0.003),26,0.026136824218178728
qwen3,B2,50,8,IGHB long (alpha 1e-4),137,0.06950551973670072
qwen3,B2,50,8,noise aware IGHB,22,0.00011784321524924146
qwen3,B2,50,8,holdout IGHB,17,0.009630160308380098
qwen3,B2,50,8,IGLB,0,0.0
qwen3,B2,50,9,Platt,0,0.01863917588374514
qwen3,B2,50,9,IGHB (alpha 0.003),18,0.06361555752629355
qwen3,B2,50,9,IGHB long (alpha 1e-4),90,0.09445399923393197
qwen3,B2,50,9,noise aware IGHB,25,0.03382060281992291
qwen3,B2,50,9,holdout IGHB,24,0.07234270631671291
qwen3,B2,50,9,IGLB,4,0.04191139831723123
qwen3,B2,50,10,Platt,0,0.00035234022808007526
qwen3,B2,50,10,IGHB (alpha 0.003),16,0.025892988027679725
qwen3,B2,50,10,IGHB long (alpha 1e-4),132,0.07715106932281124
qwen3,B2,50,10,noise aware IGHB,20,0.00044884244939775997
qwen3,B2,50,10,holdout IGHB,25,0.031180517193733215
qwen3,B2,50,10,IGLB,1,0.002021629444434944
qwen3,B2,50,11,Platt,0,0.0030758967901417383
qwen3,B2,50,11,IGHB (alpha 0.003),12,0.03142942478862851
qwen3,B2,50,11,IGHB long (alpha 1e-4),128,0.07872079772805068
qwen3,B2,50,11,noise aware IGHB,21,0.013238524294061943
qwen3,B2,50,11,holdout IGHB,41,0.05747846738082524
qwen3,B2,50,11,IGLB,1,0.018353034705643173
qwen3,B2,50,12,Platt,0,-6.5464574847406976e-06
qwen3,B2,50,12,IGHB (alpha 0.003),25,0.030409026624431623
qwen3,B2,50,12,IGHB long (alpha 1e-4),121,0.07211777245735074
qwen3,B2,50,12,noise aware IGHB,34,0.014209150375603982
qwen3,B2,50,12,holdout IGHB,45,0.04559221092107632
qwen3,B2,50,12,IGLB,5,0.02113199404616134
qwen3,B2,50,13,Platt,0,0.009285954624651524
qwen3,B2,50,13,IGHB (alpha 0.003),25,0.02230859267214194
qwen3,B2,50,13,IGHB long (alpha 1e-4),77,0.046903740360944995
qwen3,B2,50,13,noise aware IGHB,57,0.015789613724489754
qwen3,B2,50,13,holdout IGHB,55,0.04531398763219846
qwen3,B2,50,13,IGLB,0,0.0
qwen3,B2,50,14,Platt,0,-8.805349041141053e-05
qwen3,B2,50,14,IGHB (alpha 0.003),29,0.04197903750341117
qwen3,B2,50,14,IGHB long (alpha 1e-4),109,0.07512864071607211
qwen3,B2,50,14,noise aware IGHB,50,0.003631410473666802
qwen3,B2,50,14,holdout IGHB,20,0.03962008779849885
qwen3,B2,50,14,IGLB,0,0.0
qwen3,B2,50,15,Platt,0,0.0002040423598631963
qwen3,B2,50,15,IGHB (alpha 0.003),23,0.04818044064573346
qwen3,B2,50,15,IGHB long (alpha 1e-4),138,0.09682463737376679
qwen3,B2,50,15,noise aware IGHB,58,0.005156760894288695
qwen3,B2,50,15,holdout IGHB,29,0.04171329961893239
qwen3,B2,50,15,IGLB,0,0.0
qwen3,B2,50,16,Platt,0,0.0022116748416856763
qwen3,B2,50,16,IGHB (alpha 0.003),20,0.037263255357425584
qwen3,B2,50,16,IGHB long (alpha 1e-4),108,0.08011240745405193
qwen3,B2,50,16,noise aware IGHB,53,0.021367454680732867
qwen3,B2,50,16,holdout IGHB,27,0.0429859030410647
qwen3,B2,50,16,IGLB,0,0.0
qwen3,B2,50,17,Platt,0,-0.00048608300696582896
qwen3,B2,50,17,IGHB (alpha 0.003),17,0.03605707320527449
qwen3,B2,50,17,IGHB long (alpha 1e-4),106,0.08865655251422497
qwen3,B2,50,17,noise aware IGHB,23,0.018665865348150235
qwen3,B2,50,17,holdout IGHB,27,0.03425996627809402
qwen3,B2,50,17,IGLB,0,0.0
qwen3,B2,50,18,Platt,0,-0.00023089252622623957
qwen3,B2,50,18,IGHB (alpha 0.003),23,0.049452572848038084
qwen3,B2,50,18,IGHB long (alpha 1e-4),90,0.09279447079238523
qwen3,B2,50,18,noise aware IGHB,43,0.012558758165629486
qwen3,B2,50,18,holdout IGHB,43,0.06428847292930503
qwen3,B2,50,18,IGLB,0,0.0
qwen3,B2,50,19,Platt,0,-0.00042398417197117566
qwen3,B2,50,19,IGHB (alpha 0.003),24,0.04661779124553714
qwen3,B2,50,19,IGHB long (alpha 1e-4),124,0.0846378534141915
qwen3,B2,50,19,noise aware IGHB,54,0.003133625700683179
qwen3,B2,50,19,holdout IGHB,20,0.044197449316567966
qwen3,B2,50,19,IGLB,2,0.022358817164488787
qwen3,B2,100,0,Platt,0,0.00037412440046967477
qwen3,B2,100,0,IGHB (alpha 0.003),11,0.01916540232954836
qwen3,B2,100,0,IGHB long (alpha 1e-4),144,0.052858321516452755
qwen3,B2,100,0,noise aware IGHB,40,0.01503236307765711
qwen3,B2,100,0,holdout IGHB,44,0.030186825613518764
qwen3,B2,100,0,IGLB,0,0.0
qwen3,B2,100,1,Platt,0,0.0011220133813965444
qwen3,B2,100,1,IGHB (alpha 0.003),21,0.017458524773678125
qwen3,B2,100,1,IGHB long (alpha 1e-4),162,0.05263856050236573
qwen3,B2,100,1,noise aware IGHB,73,0.00591505077990602
qwen3,B2,100,1,holdout IGHB,27,0.0201273432894849
qwen3,B2,100,1,IGLB,0,0.0
qwen3,B2,100,2,Platt,0,-0.00041044112745414196
qwen3,B2,100,2,IGHB (alpha 0.003),18,0.01914901577992076
qwen3,B2,100,2,IGHB long (alpha 1e-4),164,0.05368726448985542
qwen3,B2,100,2,noise aware IGHB,31,0.009829574896306328
qwen3,B2,100,2,holdout IGHB,23,0.02716971543832325
qwen3,B2,100,2,IGLB,0,0.0
qwen3,B2,100,3,Platt,0,0.001231003348676915
qwen3,B2,100,3,IGHB (alpha 0.003),13,0.012858274580894405
qwen3,B2,100,3,IGHB long (alpha 1e-4),114,0.057416705241795735
qwen3,B2,100,3,noise aware IGHB,59,0.006635585351441431
qwen3,B2,100,3,holdout IGHB,32,0.025938613833977636
qwen3,B2,100,3,IGLB,0,0.0
qwen3,B2,100,4,Platt,0,-0.0003140549526249592
qwen3,B2,100,4,IGHB (alpha 0.003),10,0.02457365607711784
qwen3,B2,100,4,IGHB long (alpha 1e-4),107,0.04478042443437427
qwen3,B2,100,4,noise aware IGHB,48,0.012727418401112245
qwen3,B2,100,4,holdout IGHB,18,0.02772813735281829
qwen3,B2,100,4,IGLB,0,0.0
qwen3,B2,100,5,Platt,0,0.00050423006031039
qwen3,B2,100,5,IGHB (alpha 0.003),9,0.022837344540813265
qwen3,B2,100,5,IGHB long (alpha 1e-4),186,0.07291648862165565
qwen3,B2,100,5,noise aware IGHB,45,0.01635285292357927
qwen3,B2,100,5,holdout IGHB,19,0.025021981856176434
qwen3,B2,100,5,IGLB,0,0.0
qwen3,B2,100,6,Platt,0,0.0038425484993052234
qwen3,B2,100,6,IGHB (alpha 0.003),8,0.014265657528666806
qwen3,B2,100,6,IGHB long (alpha 1e-4),163,0.08978166407188642
qwen3,B2,100,6,noise aware IGHB,49,0.019199595313587586
qwen3,B2,100,6,holdout IGHB,22,0.02411968075228907
qwen3,B2,100,6,IGLB,1,0.02400959971657679
qwen3,B2,100,7,Platt,0,-0.00026934043320195333
qwen3,B2,100,7,IGHB (alpha 0.003),16,0.018734079912857304
qwen3,B2,100,7,IGHB long (alpha 1e-4),178,0.06367791044854454
qwen3,B2,100,7,noise aware IGHB,32,0.011066352730708912
qwen3,B2,100,7,holdout IGHB,27,0.0245926527607023
qwen3,B2,100,7,IGLB,0,0.0
qwen3,B2,100,8,Platt,0,0.0047713038735919255
qwen3,B2,100,8,IGHB (alpha 0.003),14,0.028181214514716862
qwen3,B2,100,8,IGHB long (alpha 1e-4),154,0.06116407405931393
qwen3,B2,100,8,noise aware IGHB,29,0.012042083887012903
qwen3,B2,100,8,holdout IGHB,20,0.018109102881436745
qwen3,B2,100,8,IGLB,0,0.0
qwen3,B2,100,9,Platt,0,0.001934770997056856
qwen3,B2,100,9,IGHB (alpha 0.003),10,0.020029166448106622
qwen3,B2,100,9,IGHB long (alpha 1e-4),134,0.06017422786004675
qwen3,B2,100,9,noise aware IGHB,64,0.0029099430736539283
qwen3,B2,100,9,holdout IGHB,20,0.026262329820975566
qwen3,B2,100,9,IGLB,0,0.0
qwen3,B2,100,10,Platt,0,5.968370445302851e-05
qwen3,B2,100,10,IGHB (alpha 0.003),19,0.025236207785271053
qwen3,B2,100,10,IGHB long (alpha 1e-4),118,0.05874018853069926
qwen3,B2,100,10,noise aware IGHB,25,0.020052122364831837
qwen3,B2,100,10,holdout IGHB,32,0.04015580916767658
qwen3,B2,100,10,IGLB,0,0.0
qwen3,B2,100,11,Platt,0,-0.00046502187648422844
qwen3,B2,100,11,IGHB (alpha 0.003),11,0.01940789540812901
qwen3,B2,100,11,IGHB long (alpha 1e-4),125,0.06431915797213764
qwen3,B2,100,11,noise aware IGHB,30,0.01720992583349576
qwen3,B2,100,11,holdout IGHB,23,0.02543338690671773
qwen3,B2,100,11,IGLB,0,0.0
qwen3,B2,100,12,Platt,0,5.872885405600048e-06
qwen3,B2,100,12,IGHB (alpha 0.003),11,0.01046283626690915
qwen3,B2,100,12,IGHB long (alpha 1e-4),161,0.07676030595928782
qwen3,B2,100,12,noise aware IGHB,43,0.008729133365500574
qwen3,B2,100,12,holdout IGHB,23,0.015495276141501035
qwen3,B2,100,12,IGLB,0,0.0
qwen3,B2,100,13,Platt,0,0.00021852696382441972
qwen3,B2,100,13,IGHB (alpha 0.003),9,0.009920053045415086
qwen3,B2,100,13,IGHB long (alpha 1e-4),190,0.049124491534204645
qwen3,B2,100,13,noise aware IGHB,51,0.01374736520082949
qwen3,B2,100,13,holdout IGHB,10,0.008299064728267691
qwen3,B2,100,13,IGLB,0,0.0
qwen3,B2,100,14,Platt,0,0.0026765509228042494
qwen3,B2,100,14,IGHB (alpha 0.003),11,0.009253715503981672
qwen3,B2,100,14,IGHB long (alpha 1e-4),207,0.051796127019534094
qwen3,B2,100,14,noise aware IGHB,49,0.005636747125704514
qwen3,B2,100,14,holdout IGHB,21,0.013781612472972646
qwen3,B2,100,14,IGLB,0,0.0
qwen3,B2,100,15,Platt,0,-0.0005105221249240288
qwen3,B2,100,15,IGHB (alpha 0.003),15,0.020967700259914956
qwen3,B2,100,15,IGHB long (alpha 1e-4),146,0.05437744290119084
qwen3,B2,100,15,noise aware IGHB,53,0.028436295150107704
qwen3,B2,100,15,holdout IGHB,12,0.013566060700247198
qwen3,B2,100,15,IGLB,0,0.0
qwen3,B2,100,16,Platt,0,0.0031491047601937133
qwen3,B2,100,16,IGHB (alpha 0.003),14,0.03356194436769866
qwen3,B2,100,16,IGHB long (alpha 1e-4),146,0.07378809842376632
qwen3,B2,100,16,noise aware IGHB,106,0.019852881665793992
qwen3,B2,100,16,holdout IGHB,24,0.04533944737859935
qwen3,B2,100,16,IGLB,0,0.0
qwen3,B2,100,17,Platt,0,-0.00025047420657586805
qwen3,B2,100,17,IGHB (alpha 0.003),13,0.02459358164476974
qwen3,B2,100,17,IGHB long (alpha 1e-4),141,0.06434790401298507
qwen3,B2,100,17,noise aware IGHB,58,0.00590368455830198
qwen3,B2,100,17,holdout IGHB,28,0.030315291785750847
qwen3,B2,100,17,IGLB,0,0.0
qwen3,B2,100,18,Platt,0,0.005487010482759375
qwen3,B2,100,18,IGHB (alpha 0.003),11,0.02152183179648487
qwen3,B2,100,18,IGHB long (alpha 1e-4),104,0.05727240266145925
qwen3,B2,100,18,noise aware IGHB,72,0.02728618170239125
qwen3,B2,100,18,holdout IGHB,40,0.040073082761096834
qwen3,B2,100,18,IGLB,1,0.006721157685260201
qwen3,B2,100,19,Platt,0,-0.0005220524878056521
qwen3,B2,100,19,IGHB (alpha 0.003),14,0.010191331646512425
qwen3,B2,100,19,IGHB long (alpha 1e-4),163,0.06328914486522486
qwen3,B2,100,19,noise aware IGHB,21,0.0017776703490527956
qwen3,B2,100,19,holdout IGHB,15,0.013481978844477063
qwen3,B2,100,19,IGLB,0,0.0
qwen3,B2,200,0,Platt,0,-0.00010241223713070013
qwen3,B2,200,0,IGHB (alpha 0.003),4,0.008304306453301047
qwen3,B2,200,0,IGHB long (alpha 1e-4),130,0.029572727975739538
qwen3,B2,200,0,noise aware IGHB,49,0.01187648832677185
qwen3,B2,200,0,holdout IGHB,18,0.012749254383921244
qwen3,B2,200,0,IGLB,0,0.0
qwen3,B2,200,1,Platt,0,0.0004528850253201905
qwen3,B2,200,1,IGHB (alpha 0.003),2,0.007956268360998497
qwen3,B2,200,1,IGHB long (alpha 1e-4),184,0.03365342268652391
qwen3,B2,200,1,noise aware IGHB,50,0.009749785547369591
qwen3,B2,200,1,holdout IGHB,36,0.01664346531698485
qwen3,B2,200,1,IGLB,2,-0.0001817877539920243
qwen3,B2,200,2,Platt,0,-9.352821085854834e-05
qwen3,B2,200,2,IGHB (alpha 0.003),7,0.008798896400958017
qwen3,B2,200,2,IGHB long (alpha 1e-4),198,0.043387156356972156
qwen3,B2,200,2,noise aware IGHB,46,0.007597327531910239
qwen3,B2,200,2,holdout IGHB,23,0.016842500514420655
qwen3,B2,200,2,IGLB,0,0.0
qwen3,B2,200,3,Platt,0,5.2802072964486246e-05
qwen3,B2,200,3,IGHB (alpha 0.003),7,0.006268759603786422
qwen3,B2,200,3,IGHB long (alpha 1e-4),158,0.03635258898557392
qwen3,B2,200,3,noise aware IGHB,116,0.004645868453361748
qwen3,B2,200,3,holdout IGHB,28,0.012532028081550184
qwen3,B2,200,3,IGLB,0,0.0
qwen3,B2,200,4,Platt,0,0.00028025354929955837
qwen3,B2,200,4,IGHB (alpha 0.003),7,0.008393226423145314
qwen3,B2,200,4,IGHB long (alpha 1e-4),172,0.04269593899123744
qwen3,B2,200,4,noise aware IGHB,35,0.009003710007155538
qwen3,B2,200,4,holdout IGHB,24,0.018429746748669734
qwen3,B2,200,4,IGLB,0,0.0
qwen3,B2,200,5,Platt,0,0.0012305483802090983
qwen3,B2,200,5,IGHB (alpha 0.003),6,0.0184863849941935
qwen3,B2,200,5,IGHB long (alpha 1e-4),153,0.035143313567412654
qwen3,B2,200,5,noise aware IGHB,45,0.020168136522225155
qwen3,B2,200,5,holdout IGHB,34,0.02129850392416449
qwen3,B2,200,5,IGLB,0,0.0
qwen3,B2,200,6,Platt,0,0.0006118660037168072
qwen3,B2,200,6,IGHB (alpha 0.003),7,0.008523751737642166
qwen3,B2,200,6,IGHB long (alpha 1e-4),183,0.04055026519743768
qwen3,B2,200,6,noise aware IGHB,50,0.0072789931124910695
qwen3,B2,200,6,holdout IGHB,27,0.013331922056452505
qwen3,B2,200,6,IGLB,0,0.0
qwen3,B2,200,7,Platt,0,8.032600009891255e-05
qwen3,B2,200,7,IGHB (alpha 0.003),2,0.006452490372612113
qwen3,B2,200,7,IGHB long (alpha 1e-4),181,0.039291548950995236
qwen3,B2,200,7,noise aware IGHB,66,0.006808030895297093
qwen3,B2,200,7,holdout IGHB,19,0.013772394744304639
qwen3,B2,200,7,IGLB,0,0.0
qwen3,B2,200,8,Platt,0,0.00032747366078329787
qwen3,B2,200,8,IGHB (alpha 0.003),6,0.01190169207737149
qwen3,B2,200,8,IGHB long (alpha 1e-4),180,0.037325547114548385
qwen3,B2,200,8,noise aware IGHB,50,0.011090527770126937
qwen3,B2,200,8,holdout IGHB,16,0.018547115323283292
qwen3,B2,200,8,IGLB,0,0.0
qwen3,B2,200,9,Platt,0,-0.00016835458519849633
qwen3,B2,200,9,IGHB (alpha 0.003),8,0.008268390997804395
qwen3,B2,200,9,IGHB long (alpha 1e-4),181,0.041775007612549264
qwen3,B2,200,9,noise aware IGHB,40,0.008343623882612797
qwen3,B2,200,9,holdout IGHB,21,0.01149409582173061
qwen3,B2,200,9,IGLB,1,-0.0015538158835133598
qwen3,B2,200,10,Platt,0,0.0006046552632059526
qwen3,B2,200,10,IGHB (alpha 0.003),6,0.006050155853122019
qwen3,B2,200,10,IGHB long (alpha 1e-4),104,0.02985119154447105
qwen3,B2,200,10,noise aware IGHB,47,0.004488919651667353
qwen3,B2,200,10,holdout IGHB,27,0.014740666340932032
qwen3,B2,200,10,IGLB,0,0.0
qwen3,B2,200,11,Platt,0,0.0003300864942139131
qwen3,B2,200,11,IGHB (alpha 0.003),7,0.008411137855889983
qwen3,B2,200,11,IGHB long (alpha 1e-4),161,0.0356194186749893
qwen3,B2,200,11,noise aware IGHB,47,0.007649526715568886
qwen3,B2,200,11,holdout IGHB,23,0.02167970588569365
qwen3,B2,200,11,IGLB,0,0.0
qwen3,B2,200,12,Platt,0,0.0002677689551133233
qwen3,B2,200,12,IGHB (alpha 0.003),9,0.010258712097845332
qwen3,B2,200,12,IGHB long (alpha 1e-4),174,0.03731350207670914
qwen3,B2,200,12,noise aware IGHB,49,0.00814681903401318
qwen3,B2,200,12,holdout IGHB,15,0.011455161936240466
qwen3,B2,200,12,IGLB,0,0.0
qwen3,B2,200,13,Platt,0,0.0003401236697612442
qwen3,B2,200,13,IGHB (alpha 0.003),5,0.009936668661087611
qwen3,B2,200,13,IGHB long (alpha 1e-4),138,0.03156881167847361
qwen3,B2,200,13,noise aware IGHB,54,0.010277863587557945
qwen3,B2,200,13,holdout IGHB,43,0.021657478604533903
qwen3,B2,200,13,IGLB,0,0.0
qwen3,B2,200,14,Platt,0,0.001469685149554062
qwen3,B2,200,14,IGHB (alpha 0.003),5,0.007251872078236854
qwen3,B2,200,14,IGHB long (alpha 1e-4),178,0.03499762008808216
qwen3,B2,200,14,noise aware IGHB,53,0.0056404324753521334
qwen3,B2,200,14,holdout IGHB,26,0.02005040701657912
qwen3,B2,200,14,IGLB,0,0.0
qwen3,B2,200,15,Platt,0,0.0006320722411910923
qwen3,B2,200,15,IGHB (alpha 0.003),8,0.00983665501902145
qwen3,B2,200,15,IGHB long (alpha 1e-4),173,0.03742169096325404
qwen3,B2,200,15,noise aware IGHB,53,0.0075736057827902326
qwen3,B2,200,15,holdout IGHB,19,0.01436518901828611
qwen3,B2,200,15,IGLB,0,0.0
qwen3,B2,200,16,Platt,0,0.00020972820814744997
qwen3,B2,200,16,IGHB (alpha 0.003),7,0.008405099600242188
qwen3,B2,200,16,IGHB long (alpha 1e-4),130,0.03027718470632304
qwen3,B2,200,16,noise aware IGHB,39,0.008158519893747648
qwen3,B2,200,16,holdout IGHB,27,0.014169473257409429
qwen3,B2,200,16,IGLB,0,0.0
qwen3,B2,200,17,Platt,0,0.0005483861009698415
qwen3,B2,200,17,IGHB (alpha 0.003),3,0.007576814677639002
qwen3,B2,200,17,IGHB long (alpha 1e-4),149,0.03475242652874452
qwen3,B2,200,17,noise aware IGHB,78,0.009861193674467555
qwen3,B2,200,17,holdout IGHB,27,0.02323451247497907
qwen3,B2,200,17,IGLB,0,0.0
qwen3,B2,200,18,Platt,0,-6.647582323386636e-05
qwen3,B2,200,18,IGHB (alpha 0.003),4,0.005257148480008383
qwen3,B2,200,18,IGHB long (alpha 1e-4),177,0.03357494344248954
qwen3,B2,200,18,noise aware IGHB,54,0.011175795834111268
qwen3,B2,200,18,holdout IGHB,19,0.002325157396857458
qwen3,B2,200,18,IGLB,0,0.0
qwen3,B2,200,19,Platt,0,0.00043558740902113757
qwen3,B2,200,19,IGHB (alpha 0.003),7,0.011880312907809235
qwen3,B2,200,19,IGHB long (alpha 1e-4),186,0.03919753959783118
qwen3,B2,200,19,noise aware IGHB,51,0.007687600276710546
qwen3,B2,200,19,holdout IGHB,31,0.01630177918577988
qwen3,B2,200,19,IGLB,0,0.0
qwen3,B2,211,0,Platt,0,0.0003092671239845052
qwen3,B2,211,0,IGHB (alpha 0.003),7,0.008436812816473377
qwen3,B2,211,0,IGHB long (alpha 1e-4),140,0.034649820306999396
qwen3,B2,211,0,noise aware IGHB,53,0.008428973598054945
qwen3,B2,211,0,holdout IGHB,31,0.02132703716729903
qwen3,B2,211,0,IGLB,0,0.0
gpt-oss,avg_prob,25,0,Platt,0,-0.06145777720190504
gpt-oss,avg_prob,25,0,IGHB (alpha 0.003),11,-0.1496644107035238
gpt-oss,avg_prob,25,0,IGHB long (alpha 1e-4),39,-0.10998897336460439
gpt-oss,avg_prob,25,0,noise aware IGHB,24,-0.1346596515754903
gpt-oss,avg_prob,25,0,holdout IGHB,36,-0.12200520847041785
gpt-oss,avg_prob,25,0,IGLB,2,-0.2072027313843952
gpt-oss,avg_prob,25,1,Platt,0,-0.06002147623201545
gpt-oss,avg_prob,25,1,IGHB (alpha 0.003),12,-0.19031704469989658
gpt-oss,avg_prob,25,1,IGHB long (alpha 1e-4),56,-0.14984094437524628
gpt-oss,avg_prob,25,1,noise aware IGHB,26,-0.17286975107839775
gpt-oss,avg_prob,25,1,holdout IGHB,30,-0.17268973055381057
gpt-oss,avg_prob,25,1,IGLB,1,-0.19286239471205363
gpt-oss,avg_prob,25,2,Platt,0,-0.06667596057745795
gpt-oss,avg_prob,25,2,IGHB (alpha 0.003),9,-0.19769524244685088
gpt-oss,avg_prob,25,2,IGHB long (alpha 1e-4),41,-0.1744629963473064
gpt-oss,avg_prob,25,2,noise aware IGHB,46,-0.15997724207389377
gpt-oss,avg_prob,25,2,holdout IGHB,50,-0.1773521677143992
gpt-oss,avg_prob,25,2,IGLB,2,-0.2019497377765529
gpt-oss,avg_prob,25,3,Platt,0,-0.06203632056281075
gpt-oss,avg_prob,25,3,IGHB (alpha 0.003),17,-0.18059638972418657
gpt-oss,avg_prob,25,3,IGHB long (alpha 1e-4),50,-0.16729471402662766
gpt-oss,avg_prob,25,3,noise aware IGHB,52,-0.18076244902734012
gpt-oss,avg_prob,25,3,holdout IGHB,41,-0.1892962637179007
gpt-oss,avg_prob,25,3,IGLB,2,-0.1956568041440382
gpt-oss,avg_prob,25,4,Platt,0,-0.06747239474732508
gpt-oss,avg_prob,25,4,IGHB (alpha 0.003),15,-0.19429436840996345
gpt-oss,avg_prob,25,4,IGHB long (alpha 1e-4),42,-0.1657942852284095
gpt-oss,avg_prob,25,4,noise aware IGHB,8,-0.1820499307505442
gpt-oss,avg_prob,25,4,holdout IGHB,115,-0.17979332291917272
gpt-oss,avg_prob,25,4,IGLB,2,-0.2049201422727621
gpt-oss,avg_prob,25,5,Platt,0,-0.06997251039860189
gpt-oss,avg_prob,25,5,IGHB (alpha 0.003),13,-0.19774736487485742
gpt-oss,avg_prob,25,5,IGHB long (alpha 1e-4),31,-0.18650147498164552
gpt-oss,avg_prob,25,5,noise aware IGHB,9,-0.18573234154532617
gpt-oss,avg_prob,25,5,holdout IGHB,55,-0.18869363083884083
gpt-oss,avg_prob,25,5,IGLB,2,-0.19284828545676808
gpt-oss,avg_prob,25,6,Platt,0,-0.06711803707315103
gpt-oss,avg_prob,25,6,IGHB (alpha 0.003),14,-0.17256218787251312
gpt-oss,avg_prob,25,6,IGHB long (alpha 1e-4),29,-0.15295682170605474
gpt-oss,avg_prob,25,6,noise aware IGHB,33,-0.17807778496346344
gpt-oss,avg_prob,25,6,holdout IGHB,28,-0.1559553936931527
gpt-oss,avg_prob,25,6,IGLB,4,-0.18378039662887244
gpt-oss,avg_prob,25,7,Platt,0,-0.04549515144470856
gpt-oss,avg_prob,25,7,IGHB (alpha 0.003),12,-0.1880687731925046
gpt-oss,avg_prob,25,7,IGHB long (alpha 1e-4),31,-0.16537995467986633
gpt-oss,avg_prob,25,7,noise aware IGHB,110,-0.18321812165981372
gpt-oss,avg_prob,25,7,holdout IGHB,61,-0.19318657764374483
gpt-oss,avg_prob,25,7,IGLB,2,-0.20494793092423735
gpt-oss,avg_prob,25,8,Platt,0,-0.054160021702773675
gpt-oss,avg_prob,25,8,IGHB (alpha 0.003),15,-0.17003300491318155
gpt-oss,avg_prob,25,8,IGHB long (alpha 1e-4),47,-0.11866029969861497
gpt-oss,avg_prob,25,8,noise aware IGHB,18,-0.1393582476769713
gpt-oss,avg_prob,25,8,holdout IGHB,47,-0.09466038015627684
gpt-oss,avg_prob,25,8,IGLB,1,-0.19322042465553374
gpt-oss,avg_prob,25,9,Platt,0,-0.05358149711304375
gpt-oss,avg_prob,25,9,IGHB (alpha 0.003),23,-0.16023000667587872
gpt-oss,avg_prob,25,9,IGHB long (alpha 1e-4),35,-0.13388049799289106
gpt-oss,avg_prob,25,9,noise aware IGHB,21,-0.18934529779828385
gpt-oss,avg_prob,25,9,holdout IGHB,65,-0.14893800181518374
gpt-oss,avg_prob,25,9,IGLB,3,-0.1577270883452569
gpt-oss,avg_prob,25,10,Platt,0,-0.06552651958449754
gpt-oss,avg_prob,25,10,IGHB (alpha 0.003),13,-0.18782888855866844
gpt-oss,avg_prob,25,10,IGHB long (alpha 1e-4),36,-0.1719046785289987
gpt-oss,avg_prob,25,10,noise aware IGHB,10,-0.17587931972673693
gpt-oss,avg_prob,25,10,holdout IGHB,51,-0.1861078015981324
gpt-oss,avg_prob,25,10,IGLB,4,-0.19080574744060996
gpt-oss,avg_prob,25,11,Platt,0,-0.060281836239999304
gpt-oss,avg_prob,25,11,IGHB (alpha 0.003),14,-0.1774499067619254
gpt-oss,avg_prob,25,11,IGHB long (alpha 1e-4),34,-0.16829032190917675
gpt-oss,avg_prob,25,11,noise aware IGHB,31,-0.15409741503155155
gpt-oss,avg_prob,25,11,holdout IGHB,33,-0.16628553783147138
gpt-oss,avg_prob,25,11,IGLB,2,-0.20249184415260074
gpt-oss,avg_prob,25,12,Platt,0,-0.055508458136509536
gpt-oss,avg_prob,25,12,IGHB (alpha 0.003),19,-0.19138519977031318
gpt-oss,avg_prob,25,12,IGHB long (alpha 1e-4),73,-0.18121100314658428
gpt-oss,avg_prob,25,12,noise aware IGHB,9,-0.18293333308444115
gpt-oss,avg_prob,25,12,holdout IGHB,49,-0.17395543101569777
gpt-oss,avg_prob,25,12,IGLB,3,-0.20031204919679432
gpt-oss,avg_prob,25,13,Platt,0,-0.069501670256365
gpt-oss,avg_prob,25,13,IGHB (alpha 0.003),12,-0.16614102213335583
gpt-oss,avg_prob,25,13,IGHB long (alpha 1e-4),36,-0.14491836746933207
gpt-oss,avg_prob,25,13,noise aware IGHB,28,-0.1572015287579251
gpt-oss,avg_prob,25,13,holdout IGHB,32,-0.1953695024589157
gpt-oss,avg_prob,25,13,IGLB,1,-0.18920536094614088
gpt-oss,avg_prob,25,14,Platt,0,-0.06613676244236652
gpt-oss,avg_prob,25,14,IGHB (alpha 0.003),15,-0.15474546052250177
gpt-oss,avg_prob,25,14,IGHB long (alpha 1e-4),38,-0.15750490952118126
gpt-oss,avg_prob,25,14,noise aware IGHB,21,-0.17510788759489726
gpt-oss,avg_prob,25,14,holdout IGHB,65,-0.14459004419046062
gpt-oss,avg_prob,25,14,IGLB,1,-0.19395986555980504
gpt-oss,avg_prob,25,15,Platt,0,-0.06459600280542929
gpt-oss,avg_prob,25,15,IGHB (alpha 0.003),16,-0.20654608183626583
gpt-oss,avg_prob,25,15,IGHB long (alpha 1e-4),34,-0.2009213609760801
gpt-oss,avg_prob,25,15,noise aware IGHB,9,-0.18380497887763592
gpt-oss,avg_prob,25,15,holdout IGHB,60,-0.19272739175493092
gpt-oss,avg_prob,25,15,IGLB,2,-0.19980943260578923
gpt-oss,avg_prob,25,16,Platt,0,-0.027226291231547572
gpt-oss,avg_prob,25,16,IGHB (alpha 0.003),16,-0.16570926116575807
gpt-oss,avg_prob,25,16,IGHB long (alpha 1e-4),38,-0.13335352187183633
gpt-oss,avg_prob,25,16,noise aware IGHB,56,-0.18313914527074215
gpt-oss,avg_prob,25,16,holdout IGHB,33,-0.18713701211985492
gpt-oss,avg_prob,25,16,IGLB,1,-0.19482507796085596
gpt-oss,avg_prob,25,17,Platt,0,-0.06336026189626132
gpt-oss,avg_prob,25,17,IGHB (alpha 0.003),13,-0.20400222094110457
gpt-oss,avg_prob,25,17,IGHB long (alpha 1e-4),28,-0.20315240837150111
gpt-oss,avg_prob,25,17,noise aware IGHB,53,-0.17975026207600148
gpt-oss,avg_prob,25,17,holdout IGHB,39,-0.2000674230545803
gpt-oss,avg_prob,25,17,IGLB,2,-0.20588086181214593
gpt-oss,avg_prob,25,18,Platt,0,-0.0658630088487279
gpt-oss,avg_prob,25,18,IGHB (alpha 0.003),12,-0.19813912808350378
gpt-oss,avg_prob,25,18,IGHB long (alpha 1e-4),24,-0.19367046336014895
gpt-oss,avg_prob,25,18,noise aware IGHB,34,-0.17850415455384427
gpt-oss,avg_prob,25,18,holdout IGHB,66,-0.15096379815877053
gpt-oss,avg_prob,25,18,IGLB,2,-0.2016796167598765
gpt-oss,avg_prob,25,19,Platt,0,-0.06948026313664143
gpt-oss,avg_prob,25,19,IGHB (alpha 0.003),12,-0.1910161328039041
gpt-oss,avg_prob,25,19,IGHB long (alpha 1e-4),38,-0.14002763952555014
gpt-oss,avg_prob,25,19,noise aware IGHB,47,-0.17612814000034505
gpt-oss,avg_prob,25,19,holdout IGHB,37,-0.14992839208044054
gpt-oss,avg_prob,25,19,IGLB,4,-0.19849142492776348
gpt-oss,avg_prob,50,0,Platt,0,-0.06866359181412779
gpt-oss,avg_prob,50,0,IGHB (alpha 0.003),12,-0.18897831499503406
gpt-oss,avg_prob,50,0,IGHB long (alpha 1e-4),41,-0.1797866654389309
gpt-oss,avg_prob,50,0,noise aware IGHB,65,-0.18919324529681059
gpt-oss,avg_prob,50,0,holdout IGHB,72,-0.17610825135631364
gpt-oss,avg_prob,50,0,IGLB,2,-0.20889978965288344
gpt-oss,avg_prob,50,1,Platt,0,-0.07104139654026617
gpt-oss,avg_prob,50,1,IGHB (alpha 0.003),16,-0.19244280874897546
gpt-oss,avg_prob,50,1,IGHB long (alpha 1e-4),79,-0.1707388965256532
gpt-oss,avg_prob,50,1,noise aware IGHB,12,-0.1902780224999308
gpt-oss,avg_prob,50,1,holdout IGHB,41,-0.18752944618629808
gpt-oss,avg_prob,50,1,IGLB,2,-0.20727894129844274
gpt-oss,avg_prob,50,2,Platt,0,-0.06328061539658045
gpt-oss,avg_prob,50,2,IGHB (alpha 0.003),13,-0.1899313527309385
gpt-oss,avg_prob,50,2,IGHB long (alpha 1e-4),52,-0.18439756915871497
gpt-oss,avg_prob,50,2,noise aware IGHB,8,-0.18251520579999395
gpt-oss,avg_prob,50,2,holdout IGHB,34,-0.1807260612932664
gpt-oss,avg_prob,50,2,IGLB,2,-0.20875713471406973
gpt-oss,avg_prob,50,3,Platt,0,-0.06961452645857188
gpt-oss,avg_prob,50,3,IGHB (alpha 0.003),16,-0.2017523844070907
gpt-oss,avg_prob,50,3,IGHB long (alpha 1e-4),25,-0.20052048068075026
gpt-oss,avg_prob,50,3,noise aware IGHB,74,-0.184522695625083
gpt-oss,avg_prob,50,3,holdout IGHB,60,-0.19248975000058866
gpt-oss,avg_prob,50,3,IGLB,3,-0.2109678653775779
gpt-oss,avg_prob,50,4,Platt,0,-0.06772514860190174
gpt-oss,avg_prob,50,4,IGHB (alpha 0.003),11,-0.1994847644593734
gpt-oss,avg_prob,50,4,IGHB long (alpha 1e-4),28,-0.1917931424751277
gpt-oss,avg_prob,50,4,noise aware IGHB,51,-0.186203516293186
gpt-oss,avg_prob,50,4,holdout IGHB,42,-0.2003186897522583
gpt-oss,avg_prob,50,4,IGLB,2,-0.20223765230391338
gpt-oss,avg_prob,50,5,Platt,0,-0.06577928560674906
gpt-oss,avg_prob,50,5,IGHB (alpha 0.003),18,-0.18784035616563802
gpt-oss,avg_prob,50,5,IGHB long (alpha 1e-4),56,-0.17864313297217385
gpt-oss,avg_prob,50,5,noise aware IGHB,49,-0.17351991687298102
gpt-oss,avg_prob,50,5,holdout IGHB,60,-0.19506708837455108
gpt-oss,avg_prob,50,5,IGLB,4,-0.21391774699133467
gpt-oss,avg_prob,50,6,Platt,0,-0.0704923465104855
gpt-oss,avg_prob,50,6,IGHB (alpha 0.003),14,-0.2047915705160583
gpt-oss,avg_prob,50,6,IGHB long (alpha 1e-4),47,-0.19515756948283203
gpt-oss,avg_prob,50,6,noise aware IGHB,12,-0.19025212066008063
gpt-oss,avg_prob,50,6,holdout IGHB,59,-0.19858923165066603
gpt-oss,avg_prob,50,6,IGLB,3,-0.20961687383053224
gpt-oss,avg_prob,50,7,Platt,0,-0.06879804655996999
gpt-oss,avg_prob,50,7,IGHB (alpha 0.003),12,-0.19654864505119807
gpt-oss,avg_prob,50,7,IGHB long (alpha 1e-4),42,-0.17216589682295258
gpt-oss,avg_prob,50,7,noise aware IGHB,51,-0.18942817264011247
gpt-oss,avg_prob,50,7,holdout IGHB,54,-0.18088600241904135
gpt-oss,avg_prob,50,7,IGLB,3,-0.20174055393693335
gpt-oss,avg_prob,50,8,Platt,0,-0.06063282057343927
gpt-oss,avg_prob,50,8,IGHB (alpha 0.003),13,-0.19967590160379176
gpt-oss,avg_prob,50,8,IGHB long (alpha 1e-4),52,-0.19160602395618276
gpt-oss,avg_prob,50,8,noise aware IGHB,47,-0.18009970264062625
gpt-oss,avg_prob,50,8,holdout IGHB,37,-0.16757333365640506
gpt-oss,avg_prob,50,8,IGLB,1,-0.1948250256041696
gpt-oss,avg_prob,50,9,Platt,0,-0.07117518312489055
gpt-oss,avg_prob,50,9,IGHB (alpha 0.003),13,-0.19877059900760594
gpt-oss,avg_prob,50,9,IGHB long (alpha 1e-4),60,-0.1844152053343202
gpt-oss,avg_prob,50,9,noise aware IGHB,70,-0.1859210792571241
gpt-oss,avg_prob,50,9,holdout IGHB,51,-0.1837534537845317
gpt-oss,avg_prob,50,9,IGLB,4,-0.2015237771992319
gpt-oss,avg_prob,50,10,Platt,0,-0.05866317539678659
gpt-oss,avg_prob,50,10,IGHB (alpha 0.003),13,-0.20428613547935026
gpt-oss,avg_prob,50,10,IGHB long (alpha 1e-4),46,-0.18623911293396664
gpt-oss,avg_prob,50,10,noise aware IGHB,9,-0.19308668597552014
gpt-oss,avg_prob,50,10,holdout IGHB,42,-0.2067518145987654
gpt-oss,avg_prob,50,10,IGLB,2,-0.2061406468546881
gpt-oss,avg_prob,50,11,Platt,0,-0.0683949110902535
gpt-oss,avg_prob,50,11,IGHB (alpha 0.003),13,-0.1885646119625852
gpt-oss,avg_prob,50,11,IGHB long (alpha 1e-4),41,-0.1776560260461297
gpt-oss,avg_prob,50,11,noise aware IGHB,9,-0.18580094007570486
gpt-oss,avg_prob,50,11,holdout IGHB,34,-0.17798776433377272
gpt-oss,avg_prob,50,11,IGLB,2,-0.1943117237385088
gpt-oss,avg_prob,50,12,Platt,0,-0.06668189532791
gpt-oss,avg_prob,50,12,IGHB (alpha 0.003),17,-0.19998265725736458
gpt-oss,avg_prob,50,12,IGHB long (alpha 1e-4),45,-0.19448720715321732
gpt-oss,avg_prob,50,12,noise aware IGHB,91,-0.1921427302444128
gpt-oss,avg_prob,50,12,holdout IGHB,42,-0.19981729998430944
gpt-oss,avg_prob,50,12,IGLB,2,-0.20757518224043103
gpt-oss,avg_prob,50,13,Platt,0,-0.06341941108052676
gpt-oss,avg_prob,50,13,IGHB (alpha 0.003),14,-0.1989416676400315
gpt-oss,avg_prob,50,13,IGHB long (alpha 1e-4),45,-0.1884796737468536
gpt-oss,avg_prob,50,13,noise aware IGHB,53,-0.18475565786105108
gpt-oss,avg_prob,50,13,holdout IGHB,48,-0.19798534277511842
gpt-oss,avg_prob,50,13,IGLB,2,-0.2099419086753191
gpt-oss,avg_prob,50,14,Platt,0,-0.06269790779117473
gpt-oss,avg_prob,50,14,IGHB (alpha 0.003),16,-0.19237963943227526
gpt-oss,avg_prob,50,14,IGHB long (alpha 1e-4),67,-0.15093192675308326
gpt-oss,avg_prob,50,14,noise aware IGHB,72,-0.1994370784445923
gpt-oss,avg_prob,50,14,holdout IGHB,43,-0.17654061717995148
gpt-oss,avg_prob,50,14,IGLB,4,-0.2069957489075766
gpt-oss,avg_prob,50,15,Platt,0,-0.062392753568830506
gpt-oss,avg_prob,50,15,IGHB (alpha 0.003),12,-0.20275605313887557
gpt-oss,avg_prob,50,15,IGHB long (alpha 1e-4),54,-0.166301082196551
gpt-oss,avg_prob,50,15,noise aware IGHB,61,-0.1973220801655326
gpt-oss,avg_prob,50,15,holdout IGHB,64,-0.16778162220061427
gpt-oss,avg_prob,50,15,IGLB,3,-0.20707341219562783
gpt-oss,avg_prob,50,16,Platt,0,-0.06487901606076224
gpt-oss,avg_prob,50,16,IGHB (alpha 0.003),15,-0.2061101547434267
gpt-oss,avg_prob,50,16,IGHB long (alpha 1e-4),53,-0.19049126648286263
gpt-oss,avg_prob,50,16,noise aware IGHB,99,-0.18742724013284495
gpt-oss,avg_prob,50,16,holdout IGHB,35,-0.19058722740005465
gpt-oss,avg_prob,50,16,IGLB,5,-0.20581447040163547
gpt-oss,avg_prob,50,17,Platt,0,-0.048115087555703595
gpt-oss,avg_prob,50,17,IGHB (alpha 0.003),15,-0.20435663068987908
gpt-oss,avg_prob,50,17,IGHB long (alpha 1e-4),49,-0.17733898918866142
gpt-oss,avg_prob,50,17,noise aware IGHB,21,-0.20218561755353293
gpt-oss,avg_prob,50,17,holdout IGHB,68,-0.1582225160523708
gpt-oss,avg_prob,50,17,IGLB,3,-0.21106954807886683
gpt-oss,avg_prob,50,18,Platt,0,-0.06569518249598788
gpt-oss,avg_prob,50,18,IGHB (alpha 0.003),14,-0.207998159805809
gpt-oss,avg_prob,50,18,IGHB long (alpha 1e-4),68,-0.1934313360463965
gpt-oss,avg_prob,50,18,noise aware IGHB,60,-0.19565719541495782
gpt-oss,avg_prob,50,18,holdout IGHB,34,-0.20289834632714793
gpt-oss,avg_prob,50,18,IGLB,2,-0.20652450987767468
gpt-oss,avg_prob,50,19,Platt,0,-0.06356082726537263
gpt-oss,avg_prob,50,19,IGHB (alpha 0.003),13,-0.19856465573656173
gpt-oss,avg_prob,50,19,IGHB long (alpha 1e-4),46,-0.18549029330772376
gpt-oss,avg_prob,50,19,noise aware IGHB,40,-0.19044947517498528
gpt-oss,avg_prob,50,19,holdout IGHB,41,-0.18781339428137447
gpt-oss,avg_prob,50,19,IGLB,3,-0.21029975066712517
gpt-oss,avg_prob,100,0,Platt,0,-0.06791198860604239
gpt-oss,avg_prob,100,0,IGHB (alpha 0.003),12,-0.20552810361501572
gpt-oss,avg_prob,100,0,IGHB long (alpha 1e-4),61,-0.20053602528720005
gpt-oss,avg_prob,100,0,noise aware IGHB,14,-0.20621587369870079
gpt-oss,avg_prob,100,0,holdout IGHB,73,-0.20321472201774132
gpt-oss,avg_prob,100,0,IGLB,3,-0.21191376230274248
gpt-oss,avg_prob,100,1,Platt,0,-0.0692098710494467
gpt-oss,avg_prob,100,1,IGHB (alpha 0.003),15,-0.20591302889876545
gpt-oss,avg_prob,100,1,IGHB long (alpha 1e-4),40,-0.2029049660711672
gpt-oss,avg_prob,100,1,noise aware IGHB,14,-0.20268590206003456
gpt-oss,avg_prob,100,1,holdout IGHB,46,-0.20529820302862067
gpt-oss,avg_prob,100,1,IGLB,2,-0.20711844233358814
gpt-oss,avg_prob,100,2,Platt,0,-0.06765808944212279
gpt-oss,avg_prob,100,2,IGHB (alpha 0.003),13,-0.20855421867146107
gpt-oss,avg_prob,100,2,IGHB long (alpha 1e-4),36,-0.20819673356335433
gpt-oss,avg_prob,100,2,noise aware IGHB,15,-0.2057284815627045
gpt-oss,avg_prob,100,2,holdout IGHB,48,-0.20904605777401392
gpt-oss,avg_prob,100,2,IGLB,3,-0.2130917125565604
gpt-oss,avg_prob,100,3,Platt,0,-0.07086374886495528
gpt-oss,avg_prob,100,3,IGHB (alpha 0.003),19,-0.21087216766612016
gpt-oss,avg_prob,100,3,IGHB long (alpha 1e-4),56,-0.2013329287476232
gpt-oss,avg_prob,100,3,noise aware IGHB,17,-0.2057846298058011
gpt-oss,avg_prob,100,3,holdout IGHB,39,-0.2035241061718781
gpt-oss,avg_prob,100,3,IGLB,3,-0.2082977880633114
gpt-oss,avg_prob,100,4,Platt,0,-0.060343594267933925
gpt-oss,avg_prob,100,4,IGHB (alpha 0.003),16,-0.20330603225624005
gpt-oss,avg_prob,100,4,IGHB long (alpha 1e-4),77,-0.1958625276541976
gpt-oss,avg_prob,100,4,noise aware IGHB,14,-0.2046317470287749
gpt-oss,avg_prob,100,4,holdout IGHB,58,-0.20114384392165327
gpt-oss,avg_prob,100,4,IGLB,3,-0.21290739226900363
gpt-oss,avg_prob,100,5,Platt,0,-0.06683735704968505
gpt-oss,avg_prob,100,5,IGHB (alpha 0.003),14,-0.20235332865818262
gpt-oss,avg_prob,100,5,IGHB long (alpha 1e-4),59,-0.19556147298793725
gpt-oss,avg_prob,100,5,noise aware IGHB,15,-0.2024006923115939
gpt-oss,avg_prob,100,5,holdout IGHB,45,-0.19637221932633597
gpt-oss,avg_prob,100,5,IGLB,3,-0.21236560690184172
gpt-oss,avg_prob,100,6,Platt,0,-0.06415546739586894
gpt-oss,avg_prob,100,6,IGHB (alpha 0.003),11,-0.2067976964012412
gpt-oss,avg_prob,100,6,IGHB long (alpha 1e-4),57,-0.20117110003978614
gpt-oss,avg_prob,100,6,noise aware IGHB,38,-0.20881705037648576
gpt-oss,avg_prob,100,6,holdout IGHB,55,-0.19797055070482988
gpt-oss,avg_prob,100,6,IGLB,3,-0.2095200217296226
gpt-oss,avg_prob,100,7,Platt,0,-0.06880424623074921
gpt-oss,avg_prob,100,7,IGHB (alpha 0.003),16,-0.20756716084662705
gpt-oss,avg_prob,100,7,IGHB long (alpha 1e-4),41,-0.2018096905239645
gpt-oss,avg_prob,100,7,noise aware IGHB,12,-0.20067201841850535
gpt-oss,avg_prob,100,7,holdout IGHB,64,-0.20115864753388857
gpt-oss,avg_prob,100,7,IGLB,2,-0.20538906188441963
gpt-oss,avg_prob,100,8,Platt,0,-0.0684013524986532
gpt-oss,avg_prob,100,8,IGHB (alpha 0.003),12,-0.20715176867774965
gpt-oss,avg_prob,100,8,IGHB long (alpha 1e-4),54,-0.20765696717471718
gpt-oss,avg_prob,100,8,noise aware IGHB,12,-0.20564650092884335
gpt-oss,avg_prob,100,8,holdout IGHB,80,-0.2060908989106494
gpt-oss,avg_prob,100,8,IGLB,4,-0.21091063767046928
gpt-oss,avg_prob,100,9,Platt,0,-0.06971546295665199
gpt-oss,avg_prob,100,9,IGHB (alpha 0.003),11,-0.20711696888829886
gpt-oss,avg_prob,100,9,IGHB long (alpha 1e-4),49,-0.203745662408138
gpt-oss,avg_prob,100,9,noise aware IGHB,10,-0.20221526971461082
gpt-oss,avg_prob,100,9,holdout IGHB,39,-0.21115490555927446
gpt-oss,avg_prob,100,9,IGLB,2,-0.2064230965671421
gpt-oss,avg_prob,100,10,Platt,0,-0.06802089229842928
gpt-oss,avg_prob,100,10,IGHB (alpha 0.003),13,-0.2054473662407827
gpt-oss,avg_prob,100,10,IGHB long (alpha 1e-4),43,-0.20380462945832417
gpt-oss,avg_prob,100,10,noise aware IGHB,38,-0.2042772871673274
gpt-oss,avg_prob,100,10,holdout IGHB,74,-0.19796526093521924
gpt-oss,avg_prob,100,10,IGLB,2,-0.2059898411217844
gpt-oss,avg_prob,100,11,Platt,0,-0.07110674547655829
gpt-oss,avg_prob,100,11,IGHB (alpha 0.003),14,-0.20529799131124019
gpt-oss,avg_prob,100,11,IGHB long (alpha 1e-4),47,-0.2022927456621334
gpt-oss,avg_prob,100,11,noise aware IGHB,14,-0.20007192817355796
gpt-oss,avg_prob,100,11,holdout IGHB,58,-0.20270282742471235
gpt-oss,avg_prob,100,11,IGLB,3,-0.21086168475358164
gpt-oss,avg_prob,100,12,Platt,0,-0.06685200814218481
gpt-oss,avg_prob,100,12,IGHB (alpha 0.003),15,-0.20859599849016278
gpt-oss,avg_prob,100,12,IGHB long (alpha 1e-4),39,-0.19932060868067875
gpt-oss,avg_prob,100,12,noise aware IGHB,102,-0.20549460771547107
gpt-oss,avg_prob,100,12,holdout IGHB,56,-0.19813311658786445
gpt-oss,avg_prob,100,12,IGLB,4,-0.20974532762901724
gpt-oss,avg_prob,100,13,Platt,0,-0.061192749598979274
gpt-oss,avg_prob,100,13,IGHB (alpha 0.003),11,-0.20396557631199352
gpt-oss,avg_prob,100,13,IGHB long (alpha 1e-4),68,-0.1907745296015923
gpt-oss,avg_prob,100,13,noise aware IGHB,10,-0.19831102530193556
gpt-oss,avg_prob,100,13,holdout IGHB,38,-0.1958997748204853
gpt-oss,avg_prob,100,13,IGLB,2,-0.2073523338520873
gpt-oss,avg_prob,100,14,Platt,0,-0.06753522666371106
gpt-oss,avg_prob,100,14,IGHB (alpha 0.003),12,-0.20558778245267195
gpt-oss,avg_prob,100,14,IGHB long (alpha 1e-4),82,-0.18667258153583594
gpt-oss,avg_prob,100,14,noise aware IGHB,11,-0.19959519140678292
gpt-oss,avg_prob,100,14,holdout IGHB,42,-0.19881136564520596
gpt-oss,avg_prob,100,14,IGLB,1,-0.19482733715472736
gpt-oss,avg_prob,100,15,Platt,0,-0.06175320034082857
gpt-oss,avg_prob,100,15,IGHB (alpha 0.003),12,-0.20696845908813993
gpt-oss,avg_prob,100,15,IGHB long (alpha 1e-4),33,-0.1939640242384965
gpt-oss,avg_prob,100,15,noise aware IGHB,14,-0.20542884456545613
gpt-oss,avg_prob,100,15,holdout IGHB,40,-0.20142965437387458
gpt-oss,avg_prob,100,15,IGLB,3,-0.2082370169632289
gpt-oss,avg_prob,100,16,Platt,0,-0.0594155007066311
gpt-oss,avg_prob,100,16,IGHB (alpha 0.003),13,-0.20669154743647658
gpt-oss,avg_prob,100,16,IGHB long (alpha 1e-4),43,-0.19435676646340594
gpt-oss,avg_prob,100,16,noise aware IGHB,68,-0.20685169360569644
gpt-oss,avg_prob,100,16,holdout IGHB,54,-0.20193804037278557
gpt-oss,avg_prob,100,16,IGLB,2,-0.2101202390224845
gpt-oss,avg_prob,100,17,Platt,0,-0.06931495007515381
gpt-oss,avg_prob,100,17,IGHB (alpha 0.003),14,-0.20542154287561776
gpt-oss,avg_prob,100,17,IGHB long (alpha 1e-4),39,-0.2018035971118286
gpt-oss,avg_prob,100,17,noise aware IGHB,14,-0.2049398006565984
gpt-oss,avg_prob,100,17,holdout IGHB,61,-0.19954063816585843
gpt-oss,avg_prob,100,17,IGLB,2,-0.2064336982468147
gpt-oss,avg_prob,100,18,Platt,0,-0.06548689605276331
gpt-oss,avg_prob,100,18,IGHB (alpha 0.003),16,-0.20951864930543815
gpt-oss,avg_prob,100,18,IGHB long (alpha 1e-4),78,-0.20368714887595968
gpt-oss,avg_prob,100,18,noise aware IGHB,13,-0.20468937768747214
gpt-oss,avg_prob,100,18,holdout IGHB,43,-0.20675225081987925
gpt-oss,avg_prob,100,18,IGLB,3,-0.2095398054435677
gpt-oss,avg_prob,100,19,Platt,0,-0.07005115867093001
gpt-oss,avg_prob,100,19,IGHB (alpha 0.003),13,-0.20703222874655372
gpt-oss,avg_prob,100,19,IGHB long (alpha 1e-4),48,-0.19734267536901
gpt-oss,avg_prob,100,19,noise aware IGHB,13,-0.2076597480589808
gpt-oss,avg_prob,100,19,holdout IGHB,73,-0.19612973517309035
gpt-oss,avg_prob,100,19,IGLB,2,-0.20818508321711487
gpt-oss,avg_prob,200,0,Platt,0,-0.0679379493517398
gpt-oss,avg_prob,200,0,IGHB (alpha 0.003),13,-0.20861075329070844
gpt-oss,avg_prob,200,0,IGHB long (alpha 1e-4),45,-0.2104856223454742
gpt-oss,avg_prob,200,0,noise aware IGHB,300,-0.20935542698029294
gpt-oss,avg_prob,200,0,holdout IGHB,77,-0.2090142521294206
gpt-oss,avg_prob,200,0,IGLB,4,-0.21654707312268498
gpt-oss,avg_prob,200,1,Platt,0,-0.0682869786559408
gpt-oss,avg_prob,200,1,IGHB (alpha 0.003),13,-0.208650311549658
gpt-oss,avg_prob,200,1,IGHB long (alpha 1e-4),56,-0.20566170125484173
gpt-oss,avg_prob,200,1,noise aware IGHB,300,-0.20921578926583662
gpt-oss,avg_prob,200,1,holdout IGHB,44,-0.2099162815353521
gpt-oss,avg_prob,200,1,IGLB,4,-0.21448928147554172
gpt-oss,avg_prob,200,2,Platt,0,-0.06751913475732155
gpt-oss,avg_prob,200,2,IGHB (alpha 0.003),12,-0.2073143140305027
gpt-oss,avg_prob,200,2,IGHB long (alpha 1e-4),48,-0.20592073422854565
gpt-oss,avg_prob,200,2,noise aware IGHB,300,-0.20831844872013006
gpt-oss,avg_prob,200,2,holdout IGHB,51,-0.21392079113957133
gpt-oss,avg_prob,200,2,IGLB,4,-0.2158288200475778
gpt-oss,avg_prob,200,3,Platt,0,-0.06660459415062336
gpt-oss,avg_prob,200,3,IGHB (alpha 0.003),12,-0.20760028571521194
gpt-oss,avg_prob,200,3,IGHB long (alpha 1e-4),38,-0.20938942719435116
gpt-oss,avg_prob,200,3,noise aware IGHB,266,-0.20803050678916776
gpt-oss,avg_prob,200,3,holdout IGHB,66,-0.20641938413473615
gpt-oss,avg_prob,200,3,IGLB,2,-0.20715597327223323
gpt-oss,avg_prob,200,4,Platt,0,-0.0683371235154332
gpt-oss,avg_prob,200,4,IGHB (alpha 0.003),15,-0.20935813050323915
gpt-oss,avg_prob,200,4,IGHB long (alpha 1e-4),57,-0.2057196203467132
gpt-oss,avg_prob,200,4,noise aware IGHB,17,-0.20685354834744904
gpt-oss,avg_prob,200,4,holdout IGHB,62,-0.20636107425074973
gpt-oss,avg_prob,200,4,IGLB,3,-0.21266716877760694
gpt-oss,avg_prob,200,5,Platt,0,-0.06908955516137999
gpt-oss,avg_prob,200,5,IGHB (alpha 0.003),13,-0.20792921807461245
gpt-oss,avg_prob,200,5,IGHB long (alpha 1e-4),42,-0.2100792585526787
gpt-oss,avg_prob,200,5,noise aware IGHB,18,-0.20720195879702014
gpt-oss,avg_prob,200,5,holdout IGHB,76,-0.20535816784221161
gpt-oss,avg_prob,200,5,IGLB,3,-0.21276742230808995
gpt-oss,avg_prob,200,6,Platt,0,-0.06676039548518042
gpt-oss,avg_prob,200,6,IGHB (alpha 0.003),13,-0.20912065400491775
gpt-oss,avg_prob,200,6,IGHB long (alpha 1e-4),55,-0.21052747858097964
gpt-oss,avg_prob,200,6,noise aware IGHB,300,-0.20973525412313768
gpt-oss,avg_prob,200,6,holdout IGHB,52,-0.20553546432603215
gpt-oss,avg_prob,200,6,IGLB,4,-0.21587586367866382
gpt-oss,avg_prob,200,7,Platt,0,-0.06676494535748728
gpt-oss,avg_prob,200,7,IGHB (alpha 0.003),13,-0.2091327903142895
gpt-oss,avg_prob,200,7,IGHB long (alpha 1e-4),54,-0.21007733688464036
gpt-oss,avg_prob,200,7,noise aware IGHB,300,-0.20845717802323052
gpt-oss,avg_prob,200,7,holdout IGHB,59,-0.20975314579775764
gpt-oss,avg_prob,200,7,IGLB,4,-0.21570760666658031
gpt-oss,avg_prob,200,8,Platt,0,-0.06721248877399391
gpt-oss,avg_prob,200,8,IGHB (alpha 0.003),13,-0.209125626284055
gpt-oss,avg_prob,200,8,IGHB long (alpha 1e-4),51,-0.20779125110212593
gpt-oss,avg_prob,200,8,noise aware IGHB,300,-0.209492915086096
gpt-oss,avg_prob,200,8,holdout IGHB,76,-0.20731098427196462
gpt-oss,avg_prob,200,8,IGLB,3,-0.21319045403052378
gpt-oss,avg_prob,200,9,Platt,0,-0.06759973230585059
gpt-oss,avg_prob,200,9,IGHB (alpha 0.003),12,-0.20705670742165064
gpt-oss,avg_prob,200,9,IGHB long (alpha 1e-4),71,-0.20838071662590987
gpt-oss,avg_prob,200,9,noise aware IGHB,213,-0.20888062676910266
gpt-oss,avg_prob,200,9,holdout IGHB,52,-0.2079783496381704
gpt-oss,avg_prob,200,9,IGLB,3,-0.21226248013148719
gpt-oss,avg_prob,200,10,Platt,0,-0.06748474835375579
gpt-oss,avg_prob,200,10,IGHB (alpha 0.003),15,-0.20973544630711408
gpt-oss,avg_prob,200,10,IGHB long (alpha 1e-4),42,-0.2102948390232955
gpt-oss,avg_prob,200,10,noise aware IGHB,300,-0.20926561501529323
gpt-oss,avg_prob,200,10,holdout IGHB,50,-0.21019574358050908
gpt-oss,avg_prob,200,10,IGLB,4,-0.21490321070589874
gpt-oss,avg_prob,200,11,Platt,0,-0.06682910052759222
gpt-oss,avg_prob,200,11,IGHB (alpha 0.003),13,-0.21016903048119373
gpt-oss,avg_prob,200,11,IGHB long (alpha 1e-4),53,-0.2053733269341504
gpt-oss,avg_prob,200,11,noise aware IGHB,300,-0.21048078464149853
gpt-oss,avg_prob,200,11,holdout IGHB,40,-0.2106609018648563
gpt-oss,avg_prob,200,11,IGLB,4,-0.21593898642926862
gpt-oss,avg_prob,200,12,Platt,0,-0.06756134704189468
gpt-oss,avg_prob,200,12,IGHB (alpha 0.003),13,-0.20859720077305907
gpt-oss,avg_prob,200,12,IGHB long (alpha 1e-4),41,-0.20934969515394358
gpt-oss,avg_prob,200,12,noise aware IGHB,300,-0.20933908288947628
gpt-oss,avg_prob,200,12,holdout IGHB,41,-0.20848455554584183
gpt-oss,avg_prob,200,12,IGLB,3,-0.21193900573978913
gpt-oss,avg_prob,200,13,Platt,0,-0.06741775244386211
gpt-oss,avg_prob,200,13,IGHB (alpha 0.003),13,-0.2085249540809641
gpt-oss,avg_prob,200,13,IGHB long (alpha 1e-4),49,-0.20640404553708694
gpt-oss,avg_prob,200,13,noise aware IGHB,300,-0.20971179833623235
gpt-oss,avg_prob,200,13,holdout IGHB,37,-0.206828059725946
gpt-oss,avg_prob,200,13,IGLB,4,-0.21159069452935741
gpt-oss,avg_prob,200,14,Platt,0,-0.0686018758508733
gpt-oss,avg_prob,200,14,IGHB (alpha 0.003),12,-0.20699131240963198
gpt-oss,avg_prob,200,14,IGHB long (alpha 1e-4),63,-0.208109432184902
gpt-oss,avg_prob,200,14,noise aware IGHB,300,-0.2092949492427314
gpt-oss,avg_prob,200,14,holdout IGHB,70,-0.20838715854627846
gpt-oss,avg_prob,200,14,IGLB,4,-0.2151129550666118
gpt-oss,avg_prob,200,15,Platt,0,-0.06856594201291805
gpt-oss,avg_prob,200,15,IGHB (alpha 0.003),12,-0.20706092423640715
gpt-oss,avg_prob,200,15,IGHB long (alpha 1e-4),50,-0.20576809587744915
gpt-oss,avg_prob,200,15,noise aware IGHB,300,-0.2092553544943059
gpt-oss,avg_prob,200,15,holdout IGHB,57,-0.20155625243691638
gpt-oss,avg_prob,200,15,IGLB,3,-0.21227372448274312
gpt-oss,avg_prob,200,16,Platt,0,-0.06732975714558256
gpt-oss,avg_prob,200,16,IGHB (alpha 0.003),13,-0.2091143311470805
gpt-oss,avg_prob,200,16,IGHB long (alpha 1e-4),48,-0.20791226254784115
gpt-oss,avg_prob,200,16,noise aware IGHB,300,-0.20863343074080737
gpt-oss,avg_prob,200,16,holdout IGHB,54,-0.20702489486736048
gpt-oss,avg_prob,200,16,IGLB,3,-0.20984973478278635
gpt-oss,avg_prob,200,17,Platt,0,-0.06751320015947318
gpt-oss,avg_prob,200,17,IGHB (alpha 0.003),12,-0.20707228532537683
gpt-oss,avg_prob,200,17,IGHB long (alpha 1e-4),52,-0.20515365858294363
gpt-oss,avg_prob,200,17,noise aware IGHB,300,-0.20801684956145844
gpt-oss,avg_prob,200,17,holdout IGHB,49,-0.21062546522193792
gpt-oss,avg_prob,200,17,IGLB,3,-0.21274355176097637
gpt-oss,avg_prob,200,18,Platt,0,-0.06765680602257965
gpt-oss,avg_prob,200,18,IGHB (alpha 0.003),14,-0.20830530827815869
gpt-oss,avg_prob,200,18,IGHB long (alpha 1e-4),55,-0.20679261175113486
gpt-oss,avg_prob,200,18,noise aware IGHB,17,-0.20560236521546854
gpt-oss,avg_prob,200,18,holdout IGHB,50,-0.207714938013801
gpt-oss,avg_prob,200,18,IGLB,3,-0.2118569930631248
gpt-oss,avg_prob,200,19,Platt,0,-0.0690794489418323
gpt-oss,avg_prob,200,19,IGHB (alpha 0.003),14,-0.20774701969567427
gpt-oss,avg_prob,200,19,IGHB long (alpha 1e-4),50,-0.2052192564793305
gpt-oss,avg_prob,200,19,noise aware IGHB,17,-0.2066848911888829
gpt-oss,avg_prob,200,19,holdout IGHB,53,-0.2057887230549414
gpt-oss,avg_prob,200,19,IGLB,7,-0.2084621778105824
gpt-oss,avg_prob,211,0,Platt,0,-0.06788571711617608
gpt-oss,avg_prob,211,0,IGHB (alpha 0.003),13,-0.20910743115646124
gpt-oss,avg_prob,211,0,IGHB long (alpha 1e-4),54,-0.20784269567517702
gpt-oss,avg_prob,211,0,noise aware IGHB,300,-0.20979704902342144
gpt-oss,avg_prob,211,0,holdout IGHB,83,-0.20282347058589972
gpt-oss,avg_prob,211,0,IGLB,3,-0.2131113764454944
gpt-oss,B2,25,0,Platt,0,-0.0009359544903586731
gpt-oss,B2,25,0,IGHB (alpha 0.003),3,0.0012558749297471791
gpt-oss,B2,25,0,IGHB long (alpha 1e-4),26,0.02592813632543447
gpt-oss,B2,25,0,noise aware IGHB,16,2.6505136265286833e-05
gpt-oss,B2,25,0,holdout IGHB,23,0.018309127013916508
gpt-oss,B2,25,0,IGLB,0,0.0
gpt-oss,B2,25,1,Platt,0,0.0018564549951283135
gpt-oss,B2,25,1,IGHB (alpha 0.003),11,0.022989680367530428
gpt-oss,B2,25,1,IGHB long (alpha 1e-4),47,0.05078922104777029
gpt-oss,B2,25,1,noise aware IGHB,2,0.0004498190457861012
gpt-oss,B2,25,1,holdout IGHB,31,0.019117076740994228
gpt-oss,B2,25,1,IGLB,0,0.0
gpt-oss,B2,25,2,Platt,0,-0.0004523467283613497
gpt-oss,B2,25,2,IGHB (alpha 0.003),11,0.041169982995054165
gpt-oss,B2,25,2,IGHB long (alpha 1e-4),22,0.04858643800194836
gpt-oss,B2,25,2,noise aware IGHB,7,0.0006206581880356457
gpt-oss,B2,25,2,holdout IGHB,20,0.037731887010286284
gpt-oss,B2,25,2,IGLB,0,0.0
gpt-oss,B2,25,3,Platt,0,0.007131448690960704
gpt-oss,B2,25,3,IGHB (alpha 0.003),6,0.006239974151663365
gpt-oss,B2,25,3,IGHB long (alpha 1e-4),21,0.01528802576234399
gpt-oss,B2,25,3,noise aware IGHB,10,0.0032773946415782587
gpt-oss,B2,25,3,holdout IGHB,27,0.014449900288364917
gpt-oss,B2,25,3,IGLB,0,0.0
gpt-oss,B2,25,4,Platt,0,0.0004709419371968851
gpt-oss,B2,25,4,IGHB (alpha 0.003),8,0.0037645340993538168
gpt-oss,B2,25,4,IGHB long (alpha 1e-4),24,0.015685855086725313
gpt-oss,B2,25,4,noise aware IGHB,9,0.0022283356597282214
gpt-oss,B2,25,4,holdout IGHB,22,0.020810205293136284
gpt-oss,B2,25,4,IGLB,1,0.003640393835716356
gpt-oss,B2,25,5,Platt,0,0.002151507591221756
gpt-oss,B2,25,5,IGHB (alpha 0.003),7,0.020384798505912093
gpt-oss,B2,25,5,IGHB long (alpha 1e-4),16,0.023888717479373094
gpt-oss,B2,25,5,noise aware IGHB,9,0.0007902200327986886
gpt-oss,B2,25,5,holdout IGHB,23,0.008957716175341204
gpt-oss,B2,25,5,IGLB,2,0.003547804153982405
gpt-oss,B2,25,6,Platt,0,0.002458735637159211
gpt-oss,B2,25,6,IGHB (alpha 0.003),9,0.0037923909458663363
gpt-oss,B2,25,6,IGHB long (alpha 1e-4),22,0.008774974788566925
gpt-oss,B2,25,6,noise aware IGHB,9,0.0016209317144566943
gpt-oss,B2,25,6,holdout IGHB,31,0.00721524824159725
gpt-oss,B2,25,6,IGLB,3,0.01559177046190733
gpt-oss,B2,25,7,Platt,0,-0.0008482164396492395
gpt-oss,B2,25,7,IGHB (alpha 0.003),8,0.023368159615149424
gpt-oss,B2,25,7,IGHB long (alpha 1e-4),12,0.0260877231299916
gpt-oss,B2,25,7,noise aware IGHB,4,0.0009152816403128275
gpt-oss,B2,25,7,holdout IGHB,70,0.00470268389518598
gpt-oss,B2,25,7,IGLB,0,0.0
gpt-oss,B2,25,8,Platt,0,0.0085447378380955
gpt-oss,B2,25,8,IGHB (alpha 0.003),11,0.05556478147980621
gpt-oss,B2,25,8,IGHB long (alpha 1e-4),40,0.07769332512502897
gpt-oss,B2,25,8,noise aware IGHB,2,-2.823496129608638e-07
gpt-oss,B2,25,8,holdout IGHB,20,0.037305843039296856
gpt-oss,B2,25,8,IGLB,0,0.0
gpt-oss,B2,25,9,Platt,0,0.0006864558251623992
gpt-oss,B2,25,9,IGHB (alpha 0.003),9,0.006432176165350467
gpt-oss,B2,25,9,IGHB long (alpha 1e-4),23,0.028169552041674727
gpt-oss,B2,25,9,noise aware IGHB,12,0.0012088665503083573
gpt-oss,B2,25,9,holdout IGHB,37,0.008986527733886786
gpt-oss,B2,25,9,IGLB,0,0.0
gpt-oss,B2,25,10,Platt,0,-0.0007591172382141534
gpt-oss,B2,25,10,IGHB (alpha 0.003),6,0.004379271921535137
gpt-oss,B2,25,10,IGHB long (alpha 1e-4),24,0.0269833860001402
gpt-oss,B2,25,10,noise aware IGHB,15,0.0006048697060620778
gpt-oss,B2,25,10,holdout IGHB,37,0.02824154677396993
gpt-oss,B2,25,10,IGLB,1,0.004306409122507321
gpt-oss,B2,25,11,Platt,0,-0.0007943780651727197
gpt-oss,B2,25,11,IGHB (alpha 0.003),8,0.005847672394355144
gpt-oss,B2,25,11,IGHB long (alpha 1e-4),30,0.015613569856725885
gpt-oss,B2,25,11,noise aware IGHB,4,0.00019820632560737378
gpt-oss,B2,25,11,holdout IGHB,41,0.01116227421628032
gpt-oss,B2,25,11,IGLB,1,0.003646789857028855
gpt-oss,B2,25,12,Platt,0,-0.000138295077780147
gpt-oss,B2,25,12,IGHB (alpha 0.003),17,0.01525568005939363
gpt-oss,B2,25,12,IGHB long (alpha 1e-4),36,0.027540880195866486
gpt-oss,B2,25,12,noise aware IGHB,13,0.00042112256515641766
gpt-oss,B2,25,12,holdout IGHB,62,0.02583837031017381
gpt-oss,B2,25,12,IGLB,2,0.0018931479384476715
gpt-oss,B2,25,13,Platt,0,0.002479447353575741
gpt-oss,B2,25,13,IGHB (alpha 0.003),3,0.0024153935495765874
gpt-oss,B2,25,13,IGHB long (alpha 1e-4),15,0.008774841050036272
gpt-oss,B2,25,13,noise aware IGHB,8,0.0012293779236366362
gpt-oss,B2,25,13,holdout IGHB,50,0.007936866323731563
gpt-oss,B2,25,13,IGLB,1,0.00010740635813415167
gpt-oss,B2,25,14,Platt,0,-0.0008071761606167835
gpt-oss,B2,25,14,IGHB (alpha 0.003),10,0.02313508735765351
gpt-oss,B2,25,14,IGHB long (alpha 1e-4),24,0.04929343021214872
gpt-oss,B2,25,14,noise aware IGHB,5,0.00043157499282328593
gpt-oss,B2,25,14,holdout IGHB,46,0.04549245464382048
gpt-oss,B2,25,14,IGLB,1,0.003090214602330617
gpt-oss,B2,25,15,Platt,0,0.0022429009739162106
gpt-oss,B2,25,15,IGHB (alpha 0.003),9,0.0041048962147742715
gpt-oss,B2,25,15,IGHB long (alpha 1e-4),21,0.0060067513766723715
gpt-oss,B2,25,15,noise aware IGHB,6,0.002204955028231731
gpt-oss,B2,25,15,holdout IGHB,25,0.01090770908725703
gpt-oss,B2,25,15,IGLB,2,0.0038101025557201185
gpt-oss,B2,25,16,Platt,0,0.0019540657005849976
gpt-oss,B2,25,16,IGHB (alpha 0.003),12,0.03332568843462882
gpt-oss,B2,25,16,IGHB long (alpha 1e-4),27,0.05434526058698596
gpt-oss,B2,25,16,noise aware IGHB,2,0.0004760277077131697
gpt-oss,B2,25,16,holdout IGHB,28,0.003195848281910149
gpt-oss,B2,25,16,IGLB,1,0.002176340434157896
gpt-oss,B2,25,17,Platt,0,-0.0009377625842528839
gpt-oss,B2,25,17,IGHB (alpha 0.003),3,0.001680808226098944
gpt-oss,B2,25,17,IGHB long (alpha 1e-4),33,0.020264649854528242
gpt-oss,B2,25,17,noise aware IGHB,4,0.0003198257643630478
gpt-oss,B2,25,17,holdout IGHB,31,0.008694651726928827
gpt-oss,B2,25,17,IGLB,0,0.0
gpt-oss,B2,25,18,Platt,0,-0.0006701448228864995
gpt-oss,B2,25,18,IGHB (alpha 0.003),9,0.006078468687854277
gpt-oss,B2,25,18,IGHB long (alpha 1e-4),28,0.01303112650195809
gpt-oss,B2,25,18,noise aware IGHB,2,-2.1020703695751042e-07
gpt-oss,B2,25,18,holdout IGHB,51,0.014107473489937551
gpt-oss,B2,25,18,IGLB,0,0.0
gpt-oss,B2,25,19,Platt,0,0.0005433297462561631
gpt-oss,B2,25,19,IGHB (alpha 0.003),12,0.013958619092215234
gpt-oss,B2,25,19,IGHB long (alpha 1e-4),24,0.01761750464295502
gpt-oss,B2,25,19,noise aware IGHB,7,0.001275534384359761
gpt-oss,B2,25,19,holdout IGHB,63,0.01463932531764034
gpt-oss,B2,25,19,IGLB,0,0.0
gpt-oss,B2,50,0,Platt,0,0.0010950375983598548
gpt-oss,B2,50,0,IGHB (alpha 0.003),5,0.0004684018150420896
gpt-oss,B2,50,0,IGHB long (alpha 1e-4),38,0.008205870378521149
gpt-oss,B2,50,0,noise aware IGHB,18,0.002204299725333571
gpt-oss,B2,50,0,holdout IGHB,37,0.007657238248480691
gpt-oss,B2,50,0,IGLB,1,-0.0003182292327807562
gpt-oss,B2,50,1,Platt,0,-0.0004822067688112497
gpt-oss,B2,50,1,IGHB (alpha 0.003),6,0.004280677373504134
gpt-oss,B2,50,1,IGHB long (alpha 1e-4),48,0.0338270310535422
gpt-oss,B2,50,1,noise aware IGHB,22,0.0007277320284896915
gpt-oss,B2,50,1,holdout IGHB,57,0.014564986742676207
gpt-oss,B2,50,1,IGLB,0,0.0
gpt-oss,B2,50,2,Platt,0,-0.0006633637270961473
gpt-oss,B2,50,2,IGHB (alpha 0.003),5,0.0013351589857474935
gpt-oss,B2,50,2,IGHB long (alpha 1e-4),52,0.01564747923655005
gpt-oss,B2,50,2,noise aware IGHB,12,0.0019668361842044776
gpt-oss,B2,50,2,holdout IGHB,18,0.005185077292617683
gpt-oss,B2,50,2,IGLB,0,0.0
gpt-oss,B2,50,3,Platt,0,-0.000244732359653943
gpt-oss,B2,50,3,IGHB (alpha 0.003),10,0.01161692728732057
gpt-oss,B2,50,3,IGHB long (alpha 1e-4),37,0.029070139967146892
gpt-oss,B2,50,3,noise aware IGHB,20,0.017114954231987924
gpt-oss,B2,50,3,holdout IGHB,54,0.02992583083297886
gpt-oss,B2,50,3,IGLB,1,0.0026567758189813967
gpt-oss,B2,50,4,Platt,0,-0.0004729398510551486
gpt-oss,B2,50,4,IGHB (alpha 0.003),6,0.006032629520333441
gpt-oss,B2,50,4,IGHB long (alpha 1e-4),18,0.00983689960647418
gpt-oss,B2,50,4,noise aware IGHB,41,0.00219340626185216
gpt-oss,B2,50,4,holdout IGHB,36,0.010718562162566787
gpt-oss,B2,50,4,IGLB,1,0.0038256189197404256
gpt-oss,B2,50,5,Platt,0,-0.0008602439996738542
gpt-oss,B2,50,5,IGHB (alpha 0.003),3,0.0020207736805576207
gpt-oss,B2,50,5,IGHB long (alpha 1e-4),40,0.026353015484955618
gpt-oss,B2,50,5,noise aware IGHB,32,0.0005303026643843148
gpt-oss,B2,50,5,holdout IGHB,33,0.009879388054652785
gpt-oss,B2,50,5,IGLB,1,0.0021742779485477287
gpt-oss,B2,50,6,Platt,0,0.0022319686599685806
gpt-oss,B2,50,6,IGHB (alpha 0.003),8,0.0030581306882566037
gpt-oss,B2,50,6,IGHB long (alpha 1e-4),28,0.02558553682199178
gpt-oss,B2,50,6,noise aware IGHB,20,0.0017454126201402187
gpt-oss,B2,50,6,holdout IGHB,35,0.013059218257122938
gpt-oss,B2,50,6,IGLB,1,0.0024987594778733344
gpt-oss,B2,50,7,Platt,0,-0.0009180039957711814
gpt-oss,B2,50,7,IGHB (alpha 0.003),9,0.007849119917079352
gpt-oss,B2,50,7,IGHB long (alpha 1e-4),35,0.022057408334983132
gpt-oss,B2,50,7,noise aware IGHB,8,0.0018454264179485341
gpt-oss,B2,50,7,holdout IGHB,22,0.01608405096903623
gpt-oss,B2,50,7,IGLB,1,0.0016297196293339686
gpt-oss,B2,50,8,Platt,0,-0.00027959074284400476
gpt-oss,B2,50,8,IGHB (alpha 0.003),6,0.015571355559868744
gpt-oss,B2,50,8,IGHB long (alpha 1e-4),47,0.03238301139725972
gpt-oss,B2,50,8,noise aware IGHB,23,0.0020614613586583466
gpt-oss,B2,50,8,holdout IGHB,43,0.029816590566112945
gpt-oss,B2,50,8,IGLB,0,0.0
gpt-oss,B2,50,9,Platt,0,-0.0007496437489276503
gpt-oss,B2,50,9,IGHB (alpha 0.003),6,0.001450035528329341
gpt-oss,B2,50,9,IGHB long (alpha 1e-4),37,0.010121514761417344
gpt-oss,B2,50,9,noise aware IGHB,5,0.0005007953489643766
gpt-oss,B2,50,9,holdout IGHB,54,0.007868482717053142
gpt-oss,B2,50,9,IGLB,0,0.0
gpt-oss,B2,50,10,Platt,0,-0.000690511419268687
gpt-oss,B2,50,10,IGHB (alpha 0.003),10,0.004461886287232736
gpt-oss,B2,50,10,IGHB long (alpha 1e-4),42,0.014748036898121895
gpt-oss,B2,50,10,noise aware IGHB,38,0.002804031885174807
gpt-oss,B2,50,10,holdout IGHB,34,0.011695062653092878
gpt-oss,B2,50,10,IGLB,0,0.0
gpt-oss,B2,50,11,Platt,0,-0.000809418669645956
gpt-oss,B2,50,11,IGHB (alpha 0.003),7,0.0017471981009400325
gpt-oss,B2,50,11,IGHB long (alpha 1e-4),38,0.019593815877706082
gpt-oss,B2,50,11,noise aware IGHB,16,0.0018839998598181862
gpt-oss,B2,50,11,holdout IGHB,25,0.011394236145008937
gpt-oss,B2,50,11,IGLB,0,0.0
gpt-oss,B2,50,12,Platt,0,-0.00019621686405273814
gpt-oss,B2,50,12,IGHB (alpha 0.003),7,0.007093438841313929
gpt-oss,B2,50,12,IGHB long (alpha 1e-4),44,0.02122820970348705
gpt-oss,B2,50,12,noise aware IGHB,32,0.0014151273577417134
gpt-oss,B2,50,12,holdout IGHB,33,0.020523660785598676
gpt-oss,B2,50,12,IGLB,1,0.001212030162949726
gpt-oss,B2,50,13,Platt,0,-4.162356838949277e-05
gpt-oss,B2,50,13,IGHB (alpha 0.003),8,0.020645374232495663
gpt-oss,B2,50,13,IGHB long (alpha 1e-4),33,0.03799976976379208
gpt-oss,B2,50,13,noise aware IGHB,36,0.007049335828725321
gpt-oss,B2,50,13,holdout IGHB,38,0.03253596651499014
gpt-oss,B2,50,13,IGLB,2,0.013733753278197883
gpt-oss,B2,50,14,Platt,0,5.8772691194669546e-05
gpt-oss,B2,50,14,IGHB (alpha 0.003),9,0.00881071932439869
gpt-oss,B2,50,14,IGHB long (alpha 1e-4),49,0.030122928593984098
gpt-oss,B2,50,14,noise aware IGHB,7,0.00159718462041656
gpt-oss,B2,50,14,holdout IGHB,17,0.007741302076481084
gpt-oss,B2,50,14,IGLB,0,0.0
gpt-oss,B2,50,15,Platt,0,-0.0006706046488826195
gpt-oss,B2,50,15,IGHB (alpha 0.003),7,0.0037265616978959457
gpt-oss,B2,50,15,IGHB long (alpha 1e-4),39,0.015327460060274738
gpt-oss,B2,50,15,noise aware IGHB,25,0.00019887809262126438
gpt-oss,B2,50,15,holdout IGHB,23,0.004859556572525486
gpt-oss,B2,50,15,IGLB,1,0.0031090029482997578
gpt-oss,B2,50,16,Platt,0,-0.0009432246368911712
gpt-oss,B2,50,16,IGHB (alpha 0.003),13,0.009022129242960017
gpt-oss,B2,50,16,IGHB long (alpha 1e-4),40,0.019087189120989202
gpt-oss,B2,50,16,noise aware IGHB,17,0.00015891942136867648
gpt-oss,B2,50,16,holdout IGHB,39,0.01684575069152626
gpt-oss,B2,50,16,IGLB,0,0.0
gpt-oss,B2,50,17,Platt,0,-0.0002507421166492857
gpt-oss,B2,50,17,IGHB (alpha 0.003),4,0.0015874164923701667
gpt-oss,B2,50,17,IGHB long (alpha 1e-4),30,0.012340680187017887
gpt-oss,B2,50,17,noise aware IGHB,40,0.001937518031874301
gpt-oss,B2,50,17,holdout IGHB,52,0.016224140721492204
gpt-oss,B2,50,17,IGLB,2,0.0015888652438488873
gpt-oss,B2,50,18,Platt,0,-0.0006957209193032138
gpt-oss,B2,50,18,IGHB (alpha 0.003),10,0.011427978044485664
gpt-oss,B2,50,18,IGHB long (alpha 1e-4),25,0.015527009539805244
gpt-oss,B2,50,18,noise aware IGHB,9,0.0019665004579202255
gpt-oss,B2,50,18,holdout IGHB,46,0.009317817772878094
gpt-oss,B2,50,18,IGLB,0,0.0
gpt-oss,B2,50,19,Platt,0,0.00021413082018287288
gpt-oss,B2,50,19,IGHB (alpha 0.003),6,0.0028833327733833597
gpt-oss,B2,50,19,IGHB long (alpha 1e-4),23,0.009637184249450093
gpt-oss,B2,50,19,noise aware IGHB,13,0.0022085776441069516
gpt-oss,B2,50,19,holdout IGHB,22,0.008210129038106521
gpt-oss,B2,50,19,IGLB,0,0.0
gpt-oss,B2,100,0,Platt,0,-0.0009295733648177068
gpt-oss,B2,100,0,IGHB (alpha 0.003),4,0.0005249972948784057
gpt-oss,B2,100,0,IGHB long (alpha 1e-4),34,0.004876699652630871
gpt-oss,B2,100,0,noise aware IGHB,19,0.00032066639127153324
gpt-oss,B2,100,0,holdout IGHB,42,0.006647096051221331
gpt-oss,B2,100,0,IGLB,1,-0.0006581697174399201
gpt-oss,B2,100,1,Platt,0,0.00023164436056327675
gpt-oss,B2,100,1,IGHB (alpha 0.003),7,0.002307766874274954
gpt-oss,B2,100,1,IGHB long (alpha 1e-4),50,0.010732225661245098
gpt-oss,B2,100,1,noise aware IGHB,74,0.0032803744475745286
gpt-oss,B2,100,1,holdout IGHB,44,0.010454129443487871
gpt-oss,B2,100,1,IGLB,1,0.0030410879650732345
gpt-oss,B2,100,2,Platt,0,-0.0006153202169332725
gpt-oss,B2,100,2,IGHB (alpha 0.003),7,0.0013254090727860615
gpt-oss,B2,100,2,IGHB long (alpha 1e-4),40,0.013671475633902058
gpt-oss,B2,100,2,noise aware IGHB,27,0.002276421938513115
gpt-oss,B2,100,2,holdout IGHB,31,0.004663472903348578
gpt-oss,B2,100,2,IGLB,1,0.002424088497152088
gpt-oss,B2,100,3,Platt,0,-0.00045803527755815254
gpt-oss,B2,100,3,IGHB (alpha 0.003),5,0.00021897844189182336
gpt-oss,B2,100,3,IGHB long (alpha 1e-4),49,0.013078186467110502
gpt-oss,B2,100,3,noise aware IGHB,24,0.0007608673100956698
gpt-oss,B2,100,3,holdout IGHB,51,0.013772139572272198
gpt-oss,B2,100,3,IGLB,0,0.0
gpt-oss,B2,100,4,Platt,0,-0.0009075128046569722
gpt-oss,B2,100,4,IGHB (alpha 0.003),7,0.003265943994601478
gpt-oss,B2,100,4,IGHB long (alpha 1e-4),49,0.009482799712007522
gpt-oss,B2,100,4,noise aware IGHB,24,0.001705311373619789
gpt-oss,B2,100,4,holdout IGHB,13,0.0027313666262124905
gpt-oss,B2,100,4,IGLB,0,0.0
gpt-oss,B2,100,5,Platt,0,-0.0002004525784418676
gpt-oss,B2,100,5,IGHB (alpha 0.003),11,0.0034132367357607094
gpt-oss,B2,100,5,IGHB long (alpha 1e-4),53,0.013452371102224178
gpt-oss,B2,100,5,noise aware IGHB,32,0.002811294418542269
gpt-oss,B2,100,5,holdout IGHB,38,0.009501245816860612
gpt-oss,B2,100,5,IGLB,1,0.0010632792166592672
gpt-oss,B2,100,6,Platt,0,-0.0006069743770235128
gpt-oss,B2,100,6,IGHB (alpha 0.003),2,0.00053262214921726
gpt-oss,B2,100,6,IGHB long (alpha 1e-4),68,0.010404975553159147
gpt-oss,B2,100,6,noise aware IGHB,21,0.000673450632795454
gpt-oss,B2,100,6,holdout IGHB,30,0.004750063278637855
gpt-oss,B2,100,6,IGLB,0,0.0
gpt-oss,B2,100,7,Platt,0,-0.0008959628825974328
gpt-oss,B2,100,7,IGHB (alpha 0.003),2,0.00020486828472917468
gpt-oss,B2,100,7,IGHB long (alpha 1e-4),44,0.010244870389493586
gpt-oss,B2,100,7,noise aware IGHB,18,0.0021151538828522443
gpt-oss,B2,100,7,holdout IGHB,19,0.0038043016305994576
gpt-oss,B2,100,7,IGLB,1,0.00017485973515189712
gpt-oss,B2,100,8,Platt,0,-0.0006312046175355399
gpt-oss,B2,100,8,IGHB (alpha 0.003),5,0.0010897128937195286
gpt-oss,B2,100,8,IGHB long (alpha 1e-4),48,0.006674473644566838
gpt-oss,B2,100,8,noise aware IGHB,74,0.0022241236083524185
gpt-oss,B2,100,8,holdout IGHB,18,0.004013410565868632
gpt-oss,B2,100,8,IGLB,1,0.0034528209504297025
gpt-oss,B2,100,9,Platt,0,-0.0003776056350908996
gpt-oss,B2,100,9,IGHB (alpha 0.003),8,0.0037711890047942634
gpt-oss,B2,100,9,IGHB long (alpha 1e-4),40,0.010608137933323825
gpt-oss,B2,100,9,noise aware IGHB,19,0.0003598344622867053
gpt-oss,B2,100,9,holdout IGHB,27,0.006018697300678132
gpt-oss,B2,100,9,IGLB,1,0.0016418669358319593
gpt-oss,B2,100,10,Platt,0,-0.000886007200495316
gpt-oss,B2,100,10,IGHB (alpha 0.003),8,0.0035399738578767506
gpt-oss,B2,100,10,IGHB long (alpha 1e-4),48,0.013901078710639017
gpt-oss,B2,100,10,noise aware IGHB,24,0.0007907634087830628
gpt-oss,B2,100,10,holdout IGHB,43,0.011008638135223105
gpt-oss,B2,100,10,IGLB,1,0.0016662969821443774
gpt-oss,B2,100,11,Platt,0,-0.0005556339721588185
gpt-oss,B2,100,11,IGHB (alpha 0.003),5,0.0014004343921264692
gpt-oss,B2,100,11,IGHB long (alpha 1e-4),25,0.006302358425654117
gpt-oss,B2,100,11,noise aware IGHB,27,0.00224701899247675
gpt-oss,B2,100,11,holdout IGHB,31,0.007415533423242318
gpt-oss,B2,100,11,IGLB,1,0.0012257428779706633
gpt-oss,B2,100,12,Platt,0,-0.0007497794120929491
gpt-oss,B2,100,12,IGHB (alpha 0.003),8,0.001632120244401139
gpt-oss,B2,100,12,IGHB long (alpha 1e-4),45,0.012683623969433191
gpt-oss,B2,100,12,noise aware IGHB,22,0.0017821254125780506
gpt-oss,B2,100,12,holdout IGHB,21,0.005877193198390598
gpt-oss,B2,100,12,IGLB,0,0.0
gpt-oss,B2,100,13,Platt,0,-0.000902134555559056
gpt-oss,B2,100,13,IGHB (alpha 0.003),6,0.0017529968714434171
gpt-oss,B2,100,13,IGHB long (alpha 1e-4),76,0.012904782004309279
gpt-oss,B2,100,13,noise aware IGHB,21,0.001140654602677274
gpt-oss,B2,100,13,holdout IGHB,23,0.006511729444756122
gpt-oss,B2,100,13,IGLB,0,0.0
gpt-oss,B2,100,14,Platt,0,-0.0006955159889002818
gpt-oss,B2,100,14,IGHB (alpha 0.003),6,0.002176899841359582
gpt-oss,B2,100,14,IGHB long (alpha 1e-4),57,0.013178389022059069
gpt-oss,B2,100,14,noise aware IGHB,98,0.0019266174881633763
gpt-oss,B2,100,14,holdout IGHB,22,0.0067520219844309365
gpt-oss,B2,100,14,IGLB,0,0.0
gpt-oss,B2,100,15,Platt,0,-0.000847987502634151
gpt-oss,B2,100,15,IGHB (alpha 0.003),4,0.0010084825073529216
gpt-oss,B2,100,15,IGHB long (alpha 1e-4),50,0.008241946323898297
gpt-oss,B2,100,15,noise aware IGHB,69,0.001450630031078655
gpt-oss,B2,100,15,holdout IGHB,33,0.00741513943786852
gpt-oss,B2,100,15,IGLB,0,0.0
gpt-oss,B2,100,16,Platt,0,-0.0009013336238813119
gpt-oss,B2,100,16,IGHB (alpha 0.003),8,0.002253939592638275
gpt-oss,B2,100,16,IGHB long (alpha 1e-4),45,0.014341419720893651
gpt-oss,B2,100,16,noise aware IGHB,52,0.00022058522741742748
gpt-oss,B2,100,16,holdout IGHB,22,0.004645948753592026
gpt-oss,B2,100,16,IGLB,0,0.0
gpt-oss,B2,100,17,Platt,0,-7.758249332364547e-05
gpt-oss,B2,100,17,IGHB (alpha 0.003),3,0.0007365978431083386
gpt-oss,B2,100,17,IGHB long (alpha 1e-4),32,0.010884814683904724
gpt-oss,B2,100,17,noise aware IGHB,137,0.0026652624280226467
gpt-oss,B2,100,17,holdout IGHB,33,0.013544883114728998
gpt-oss,B2,100,17,IGLB,0,0.0
gpt-oss,B2,100,18,Platt,0,-0.0007555827252931496
gpt-oss,B2,100,18,IGHB (alpha 0.003),7,0.001429425197746595
gpt-oss,B2,100,18,IGHB long (alpha 1e-4),47,0.011620929559779239
gpt-oss,B2,100,18,noise aware IGHB,54,0.00020469671846379267
gpt-oss,B2,100,18,holdout IGHB,68,0.017122871009803656
gpt-oss,B2,100,18,IGLB,1,0.0006447145606961052
gpt-oss,B2,100,19,Platt,0,-0.0005825118578913283
gpt-oss,B2,100,19,IGHB (alpha 0.003),3,5.533140764477085e-05
gpt-oss,B2,100,19,IGHB long (alpha 1e-4),53,0.008963479039781508
gpt-oss,B2,100,19,noise aware IGHB,49,0.0008030311026921075
gpt-oss,B2,100,19,holdout IGHB,31,0.006895047389613898
gpt-oss,B2,100,19,IGLB,0,0.0
gpt-oss,B2,200,0,Platt,0,-0.0008793571693263072
gpt-oss,B2,200,0,IGHB (alpha 0.003),3,0.0004153449396588141
gpt-oss,B2,200,0,IGHB long (alpha 1e-4),39,0.003972134666602428
gpt-oss,B2,200,0,noise aware IGHB,47,0.0006258665595727034
gpt-oss,B2,200,0,holdout IGHB,28,0.002934511102263164
gpt-oss,B2,200,0,IGLB,0,0.0
gpt-oss,B2,200,1,Platt,0,-0.0008910184927513193
gpt-oss,B2,200,1,IGHB (alpha 0.003),4,0.001009551150809855
gpt-oss,B2,200,1,IGHB long (alpha 1e-4),48,0.007494453630614822
gpt-oss,B2,200,1,noise aware IGHB,48,0.0005955308017213529
gpt-oss,B2,200,1,holdout IGHB,20,0.001242810543977367
gpt-oss,B2,200,1,IGLB,0,0.0
gpt-oss,B2,200,2,Platt,0,-0.0008106396158566107
gpt-oss,B2,200,2,IGHB (alpha 0.003),4,0.001253878444320379
gpt-oss,B2,200,2,IGHB long (alpha 1e-4),50,0.00803951943040921
gpt-oss,B2,200,2,noise aware IGHB,45,0.001229664017825191
gpt-oss,B2,200,2,holdout IGHB,17,0.002381429051360351
gpt-oss,B2,200,2,IGLB,0,0.0
gpt-oss,B2,200,3,Platt,0,-0.00086914394202664
gpt-oss,B2,200,3,IGHB (alpha 0.003),3,0.0004190517882218525
gpt-oss,B2,200,3,IGHB long (alpha 1e-4),41,0.0063257955492840995
gpt-oss,B2,200,3,noise aware IGHB,43,0.0005661329931865439
gpt-oss,B2,200,3,holdout IGHB,27,0.0030781702539008846
gpt-oss,B2,200,3,IGLB,1,-0.00021448210343556068
gpt-oss,B2,200,4,Platt,0,-0.0009027754911878141
gpt-oss,B2,200,4,IGHB (alpha 0.003),4,0.001057992713075405
gpt-oss,B2,200,4,IGHB long (alpha 1e-4),57,0.004258518663875804
gpt-oss,B2,200,4,noise aware IGHB,49,0.0008366578489954271
gpt-oss,B2,200,4,holdout IGHB,54,0.0044170728186251965
gpt-oss,B2,200,4,IGLB,1,0.0006499955061417678
gpt-oss,B2,200,5,Platt,0,-0.0007445846659341893
gpt-oss,B2,200,5,IGHB (alpha 0.003),4,0.00035877672105093933
gpt-oss,B2,200,5,IGHB long (alpha 1e-4),38,0.006197108609646777
gpt-oss,B2,200,5,noise aware IGHB,51,0.00081070653418093
gpt-oss,B2,200,5,holdout IGHB,32,0.002561851516789622
gpt-oss,B2,200,5,IGLB,0,0.0
gpt-oss,B2,200,6,Platt,0,-0.0009044976144128372
gpt-oss,B2,200,6,IGHB (alpha 0.003),4,0.001057992713075405
gpt-oss,B2,200,6,IGHB long (alpha 1e-4),51,0.006860264349228047
gpt-oss,B2,200,6,noise aware IGHB,47,0.0008366614738337733
gpt-oss,B2,200,6,holdout IGHB,15,0.002468138456848498
gpt-oss,B2,200,6,IGLB,0,0.0
gpt-oss,B2,200,7,Platt,0,-0.000899895804870661
gpt-oss,B2,200,7,IGHB (alpha 0.003),3,0.001063267887956007
gpt-oss,B2,200,7,IGHB long (alpha 1e-4),56,0.006438800997499036
gpt-oss,B2,200,7,noise aware IGHB,50,0.0012649361229509978
gpt-oss,B2,200,7,holdout IGHB,33,0.004166948288696848
gpt-oss,B2,200,7,IGLB,0,0.0
gpt-oss,B2,200,8,Platt,0,-0.0008987792747987833
gpt-oss,B2,200,8,IGHB (alpha 0.003),5,0.000447173164260406
gpt-oss,B2,200,8,IGHB long (alpha 1e-4),37,0.005309556199335666
gpt-oss,B2,200,8,noise aware IGHB,50,0.000736233119634333
gpt-oss,B2,200,8,holdout IGHB,27,0.0019264502746490011
gpt-oss,B2,200,8,IGLB,2,0.0020713983298152466
gpt-oss,B2,200,9,Platt,0,-0.0009018368385847603
gpt-oss,B2,200,9,IGHB (alpha 0.003),4,0.0010186387136337169
gpt-oss,B2,200,9,IGHB long (alpha 1e-4),53,0.0056322920030599105
gpt-oss,B2,200,9,noise aware IGHB,45,0.0007778597019080513
gpt-oss,B2,200,9,holdout IGHB,33,0.002567668335460023
gpt-oss,B2,200,9,IGLB,1,-0.0003981891291608558
gpt-oss,B2,200,10,Platt,0,-0.0009020222444146853
gpt-oss,B2,200,10,IGHB (alpha 0.003),4,0.0006246991154938569
gpt-oss,B2,200,10,IGHB long (alpha 1e-4),53,0.005254565982917091
gpt-oss,B2,200,10,noise aware IGHB,50,0.0005032151833415655
gpt-oss,B2,200,10,holdout IGHB,22,0.003439989019273011
gpt-oss,B2,200,10,IGLB,0,0.0
gpt-oss,B2,200,11,Platt,0,-0.0008951818469892167
gpt-oss,B2,200,11,IGHB (alpha 0.003),4,0.001057992713075405
gpt-oss,B2,200,11,IGHB long (alpha 1e-4),51,0.005427829700299688
gpt-oss,B2,200,11,noise aware IGHB,80,0.0009012294895606385
gpt-oss,B2,200,11,holdout IGHB,28,0.004160025947401225
gpt-oss,B2,200,11,IGLB,1,0.0003143135075207998
gpt-oss,B2,200,12,Platt,0,-0.0008886139108755797
gpt-oss,B2,200,12,IGHB (alpha 0.003),5,0.001155914619482272
gpt-oss,B2,200,12,IGHB long (alpha 1e-4),48,0.0068305602625636785
gpt-oss,B2,200,12,noise aware IGHB,50,0.0019156031499758877
gpt-oss,B2,200,12,holdout IGHB,43,0.003608784540816659
gpt-oss,B2,200,12,IGLB,1,0.00020658182333865155
gpt-oss,B2,200,13,Platt,0,-0.0008973605527921383
gpt-oss,B2,200,13,IGHB (alpha 0.003),4,0.00043849607572748334
gpt-oss,B2,200,13,IGHB long (alpha 1e-4),43,0.004369492848368697
gpt-oss,B2,200,13,noise aware IGHB,47,0.000557542193779216
gpt-oss,B2,200,13,holdout IGHB,38,0.0035458341677814045
gpt-oss,B2,200,13,IGLB,0,0.0
gpt-oss,B2,200,14,Platt,0,-0.0008857608125495062
gpt-oss,B2,200,14,IGHB (alpha 0.003),4,0.001057992713075405
gpt-oss,B2,200,14,IGHB long (alpha 1e-4),65,0.0073609790394637
gpt-oss,B2,200,14,noise aware IGHB,46,0.0008366608082033683
gpt-oss,B2,200,14,holdout IGHB,40,0.004508427108991131
gpt-oss,B2,200,14,IGLB,1,0.0002331921367487652
gpt-oss,B2,200,15,Platt,0,-0.0008812782052583373
gpt-oss,B2,200,15,IGHB (alpha 0.003),3,0.00042617120073386305
gpt-oss,B2,200,15,IGHB long (alpha 1e-4),51,0.00594116566890765
gpt-oss,B2,200,15,noise aware IGHB,44,0.0008488284948459032
gpt-oss,B2,200,15,holdout IGHB,22,0.00502478058906379
gpt-oss,B2,200,15,IGLB,0,0.0
gpt-oss,B2,200,16,Platt,0,-0.0008454461074096642
gpt-oss,B2,200,16,IGHB (alpha 0.003),2,0.00024543029651639264
gpt-oss,B2,200,16,IGHB long (alpha 1e-4),53,0.003814598106007344
gpt-oss,B2,200,16,noise aware IGHB,47,0.0008240900993765274
gpt-oss,B2,200,16,holdout IGHB,19,0.0019461727373865367
gpt-oss,B2,200,16,IGLB,0,0.0
gpt-oss,B2,200,17,Platt,0,-0.0008891898523876382
gpt-oss,B2,200,17,IGHB (alpha 0.003),3,0.0008668969611755201
gpt-oss,B2,200,17,IGHB long (alpha 1e-4),56,0.005653192065145009
gpt-oss,B2,200,17,noise aware IGHB,44,0.0006867045895161267
gpt-oss,B2,200,17,holdout IGHB,22,0.001838986047378706
gpt-oss,B2,200,17,IGLB,0,0.0
gpt-oss,B2,200,18,Platt,0,-0.0008937400542106747
gpt-oss,B2,200,18,IGHB (alpha 0.003),3,0.00043455995136666703
gpt-oss,B2,200,18,IGHB long (alpha 1e-4),36,0.0038423339684065805
gpt-oss,B2,200,18,noise aware IGHB,48,0.0006459050311862363
gpt-oss,B2,200,18,holdout IGHB,46,0.0035595384950701803
gpt-oss,B2,200,18,IGLB,1,-0.000685959381622997
gpt-oss,B2,200,19,Platt,0,-0.0007040917580250494
gpt-oss,B2,200,19,IGHB (alpha 0.003),5,0.00029017522931083783
gpt-oss,B2,200,19,IGHB long (alpha 1e-4),50,0.006556856337805561
gpt-oss,B2,200,19,noise aware IGHB,50,0.0015288552455934301
gpt-oss,B2,200,19,holdout IGHB,47,0.007859457329653124
gpt-oss,B2,200,19,IGLB,1,0.0003928279899931969
gpt-oss,B2,211,0,Platt,0,-0.000889482598323249
gpt-oss,B2,211,0,IGHB (alpha 0.003),4,0.001057992713075405
gpt-oss,B2,211,0,IGHB long (alpha 1e-4),37,0.004222513905506528
gpt-oss,B2,211,0,noise aware IGHB,51,0.0008366580361496151
gpt-oss,B2,211,0,holdout IGHB,49,0.005547523424552066
gpt-oss,B2,211,0,IGLB,1,-0.0003810213051314154
