model,start,size,rep,method,steps,val_brier_change
qwen3,avg_prob,25,0,Platt,0,-0.23019973474197022
qwen3,avg_prob,25,0,IGHB (alpha 0.003),24,-0.16195930614086365
qwen3,avg_prob,25,0,IGHB long (alpha 1e-4),74,-0.12956754282426375
qwen3,avg_prob,25,0,noise aware IGHB,12,-0.193982021696093
qwen3,avg_prob,25,0,holdout IGHB,40,-0.14120395008610295
qwen3,avg_prob,25,0,IGLB,1,-0.20119166439568395
qwen3,avg_prob,25,1,Platt,0,-0.2320363533615944
qwen3,avg_prob,25,1,IGHB (alpha 0.003),36,-0.09245548571534096
qwen3,avg_prob,25,1,IGHB long (alpha 1e-4),68,-0.04908104863579715
qwen3,avg_prob,25,1,noise aware IGHB,14,-0.14372072446456882
qwen3,avg_prob,25,1,holdout IGHB,38,-0.16044720810576812
qwen3,avg_prob,25,1,IGLB,2,-0.1651591269191781
qwen3,avg_prob,25,2,Platt,0,-0.2126806299551041
qwen3,avg_prob,25,2,IGHB (alpha 0.003),9,-0.20691175138891033
qwen3,avg_prob,25,2,IGHB long (alpha 1e-4),49,-0.1482958299235218
qwen3,avg_prob,25,2,noise aware IGHB,16,-0.17985868834361363
qwen3,avg_prob,25,2,holdout IGHB,66,-0.18182882225090838
qwen3,avg_prob,25,2,IGLB,1,-0.19491819972528268
qwen3,avg_prob,25,3,Platt,0,-0.22462255600628847
qwen3,avg_prob,25,3,IGHB (alpha 0.003),10,-0.18001927610950116
qwen3,avg_prob,25,3,IGHB long (alpha 1e-4),40,-0.1239022323121089
qwen3,avg_prob,25,3,noise aware IGHB,45,-0.1260434204964463
qwen3,avg_prob,25,3,holdout IGHB,31,-0.17332367367147003
qwen3,avg_prob,25,3,IGLB,1,-0.20883729863731704
qwen3,avg_prob,25,4,Platt,0,-0.22934448768905877
qwen3,avg_prob,25,4,IGHB (alpha 0.003),10,-0.15915379283872957
qwen3,avg_prob,25,4,IGHB long (alpha 1e-4),72,-0.09701263629619283
qwen3,avg_prob,25,4,noise aware IGHB,40,-0.13460007529280704
qwen3,avg_prob,25,4,holdout IGHB,39,-0.12321424487039129
qwen3,avg_prob,25,4,IGLB,1,-0.21314742529726788
qwen3,avg_prob,25,5,Platt,0,-0.2324786389279687
qwen3,avg_prob,25,5,IGHB (alpha 0.003),17,-0.21333530246672117
qwen3,avg_prob,25,5,IGHB long (alpha 1e-4),95,-0.18121800782639746
qwen3,avg_prob,25,5,noise aware IGHB,34,-0.20908710231862504
qwen3,avg_prob,25,5,holdout IGHB,46,-0.15425976983936182
qwen3,avg_prob,25,5,IGLB,1,-0.20489756642401893
qwen3,avg_prob,25,6,Platt,0,-0.22565105322214768
qwen3,avg_prob,25,6,IGHB (alpha 0.003),20,-0.17954438444086215
qwen3,avg_prob,25,6,IGHB long (alpha 1e-4),63,-0.1612798826131935
qwen3,avg_prob,25,6,noise aware IGHB,10,-0.17743084092055122
qwen3,avg_prob,25,6,holdout IGHB,24,-0.19656018170939918
qwen3,avg_prob,25,6,IGLB,0,0.0
qwen3,avg_prob,25,7,Platt,0,-0.17061644806035947
qwen3,avg_prob,25,7,IGHB (alpha 0.003),18,-0.1133481598044519
qwen3,avg_prob,25,7,IGHB long (alpha 1e-4),34,-0.046376755143345993
qwen3,avg_prob,25,7,noise aware IGHB,43,-0.1008282036212183
qwen3,avg_prob,25,7,holdout IGHB,80,0.020338569896212966
qwen3,avg_prob,25,7,IGLB,2,-0.039802887186663305
qwen3,avg_prob,25,8,Platt,0,-0.2157757281974244
qwen3,avg_prob,25,8,IGHB (alpha 0.003),18,-0.1816422776638534
qwen3,avg_prob,25,8,IGHB long (alpha 1e-4),63,-0.14306424444544993
qwen3,avg_prob,25,8,noise aware IGHB,88,-0.1634344022105019
qwen3,avg_prob,25,8,holdout IGHB,34,-0.17838988011924434
qwen3,avg_prob,25,8,IGLB,1,-0.18753900046239974
qwen3,avg_prob,25,9,Platt,0,-0.18393991538173124
qwen3,avg_prob,25,9,IGHB (alpha 0.003),21,-0.10881985086144103
qwen3,avg_prob,25,9,IGHB long (alpha 1e-4),68,-0.06164997068630207
qwen3,avg_prob,25,9,noise aware IGHB,14,-0.12377490398711305
qwen3,avg_prob,25,9,holdout IGHB,48,-0.07505766682828524
qwen3,avg_prob,25,9,IGLB,1,-0.1871586453005731
qwen3,avg_prob,25,10,Platt,0,-0.23240139988146352
qwen3,avg_prob,25,10,IGHB (alpha 0.003),20,-0.1765538556211428
qwen3,avg_prob,25,10,IGHB long (alpha 1e-4),61,-0.1459406178201557
qwen3,avg_prob,25,10,noise aware IGHB,33,-0.16804947364131448
qwen3,avg_prob,25,10,holdout IGHB,25,-0.16950907284088074
qwen3,avg_prob,25,10,IGLB,1,-0.19558979663829273
qwen3,avg_prob,25,11,Platt,0,-0.22061134108697394
qwen3,avg_prob,25,11,IGHB (alpha 0.003),14,-0.20736063790570605
qwen3,avg_prob,25,11,IGHB long (alpha 1e-4),75,-0.13482281261392284
qwen3,avg_prob,25,11,noise aware IGHB,11,-0.18871834385178812
qwen3,avg_prob,25,11,holdout IGHB,40,-0.18564393081628347
qwen3,avg_prob,25,11,IGLB,2,-0.21894466207867008
qwen3,avg_prob,25,12,Platt,0,-0.23082308133447535
qwen3,avg_prob,25,12,IGHB (alpha 0.003),19,-0.14823920843555435
qwen3,avg_prob,25,12,IGHB long (alpha 1e-4),76,-0.13609378789195758
qwen3,avg_prob,25,12,noise aware IGHB,9,-0.12437419116787496
qwen3,avg_prob,25,12,holdout IGHB,41,-0.14182095546729806
qwen3,avg_prob,25,12,IGLB,2,-0.1871071811068045
qwen3,avg_prob,25,13,Platt,0,-0.2274436147458597
qwen3,avg_prob,25,13,IGHB (alpha 0.003),15,-0.15936529386118117
qwen3,avg_prob,25,13,IGHB long (alpha 1e-4),62,-0.13221962619666633
qwen3,avg_prob,25,13,noise aware IGHB,37,-0.11341660549237154
qwen3,avg_prob,25,13,holdout IGHB,26,-0.17671132499898537
qwen3,avg_prob,25,13,IGLB,2,-0.17139776683394395
qwen3,avg_prob,25,14,Platt,0,-0.21264488122649294
qwen3,avg_prob,25,14,IGHB (alpha 0.003),17,-0.15788666039219973
qwen3,avg_prob,25,14,IGHB long (alpha 1e-4),43,-0.14209321989162635
qwen3,avg_prob,25,14,noise aware IGHB,4,-0.0905696181779907
qwen3,avg_prob,25,14,holdout IGHB,41,-0.1548594809749201
qwen3,avg_prob,25,14,IGLB,4,-0.1539125964796306
qwen3,avg_prob,25,15,Platt,0,-0.190505761520153
qwen3,avg_prob,25,15,IGHB (alpha 0.003),27,-0.0970811214005029
qwen3,avg_prob,25,15,IGHB long (alpha 1e-4),65,-0.06479323186150371
qwen3,avg_prob,25,15,noise aware IGHB,36,-0.1435081338922948
qwen3,avg_prob,25,15,holdout IGHB,33,-0.09794131556127172
qwen3,avg_prob,25,15,IGLB,1,-0.17416154180444346
qwen3,avg_prob,25,16,Platt,0,-0.22802680147270285
qwen3,avg_prob,25,16,IGHB (alpha 0.003),11,-0.14293327764474362
qwen3,avg_prob,25,16,IGHB long (alpha 1e-4),46,-0.08667337319581042
qwen3,avg_prob,25,16,noise aware IGHB,22,-0.1691391785513326
qwen3,avg_prob,25,16,holdout IGHB,51,-0.09653390571130399
qwen3,avg_prob,25,16,IGLB,1,-0.22480582759990522
qwen3,avg_prob,25,17,Platt,0,-0.23152931681064803
qwen3,avg_prob,25,17,IGHB (alpha 0.003),14,-0.20216008668197896
qwen3,avg_prob,25,17,IGHB long (alpha 1e-4),86,-0.14976519062875865
qwen3,avg_prob,25,17,noise aware IGHB,15,-0.13808704874145827
qwen3,avg_prob,25,17,holdout IGHB,33,-0.1680130937512267
qwen3,avg_prob,25,17,IGLB,0,0.0
qwen3,avg_prob,25,18,Platt,0,-0.23079513807349308
qwen3,avg_prob,25,18,IGHB (alpha 0.003),27,-0.11549904582681109
qwen3,avg_prob,25,18,IGHB long (alpha 1e-4),54,-0.10152910540292753
qwen3,avg_prob,25,18,noise aware IGHB,30,-0.17180233926096908
qwen3,avg_prob,25,18,holdout IGHB,33,-0.15299347840435765
qwen3,avg_prob,25,18,IGLB,1,-0.22371797615735592
qwen3,avg_prob,25,19,Platt,0,-0.2321250601798166
qwen3,avg_prob,25,19,IGHB (alpha 0.003),20,-0.19044616119292346
qwen3,avg_prob,25,19,IGHB long (alpha 1e-4),121,-0.1432105665418513
qwen3,avg_prob,25,19,noise aware IGHB,22,-0.18343598251434734
qwen3,avg_prob,25,19,holdout IGHB,45,-0.17670199926786925
qwen3,avg_prob,25,19,IGLB,1,-0.20812188289036712
qwen3,avg_prob,50,0,Platt,0,-0.23222519617155604
qwen3,avg_prob,50,0,IGHB (alpha 0.003),25,-0.19674381827544507
qwen3,avg_prob,50,0,IGHB long (alpha 1e-4),136,-0.14792579745188375
qwen3,avg_prob,50,0,noise aware IGHB,29,-0.19844977460910823
qwen3,avg_prob,50,0,holdout IGHB,43,-0.19630308530014942
qwen3,avg_prob,50,0,IGLB,5,-0.21605416784150774
qwen3,avg_prob,50,1,Platt,0,-0.22681136927491838
qwen3,avg_prob,50,1,IGHB (alpha 0.003),17,-0.21217602775182828
qwen3,avg_prob,50,1,IGHB long (alpha 1e-4),76,-0.16152441859458386
qwen3,avg_prob,50,1,noise aware IGHB,300,-0.20853881026695004
qwen3,avg_prob,50,1,holdout IGHB,34,-0.17004753074046244
qwen3,avg_prob,50,1,IGLB,2,-0.23842329118905695
qwen3,avg_prob,50,2,Platt,0,-0.22516972807130697
qwen3,avg_prob,50,2,IGHB (alpha 0.003),39,-0.17547982798674966
qwen3,avg_prob,50,2,IGHB long (alpha 1e-4),123,-0.1312460182183866
qwen3,avg_prob,50,2,noise aware IGHB,23,-0.20531813973321186
qwen3,avg_prob,50,2,holdout IGHB,36,-0.18052900107979536
qwen3,avg_prob,50,2,IGLB,2,-0.19962064716623762
qwen3,avg_prob,50,3,Platt,0,-0.22984370007975893
qwen3,avg_prob,50,3,IGHB (alpha 0.003),29,-0.18215621738374538
qwen3,avg_prob,50,3,IGHB long (alpha 1e-4),126,-0.12701923456479847
qwen3,avg_prob,50,3,noise aware IGHB,53,-0.1999575794636091
qwen3,avg_prob,50,3,holdout IGHB,41,-0.18035475529475367
qwen3,avg_prob,50,3,IGLB,2,-0.22900119394932825
qwen3,avg_prob,50,4,Platt,0,-0.230651278244739
qwen3,avg_prob,50,4,IGHB (alpha 0.003),19,-0.18947882259805796
qwen3,avg_prob,50,4,IGHB long (alpha 1e-4),76,-0.1465700910653049
qwen3,avg_prob,50,4,noise aware IGHB,21,-0.20757094110374777
qwen3,avg_prob,50,4,holdout IGHB,27,-0.20182083791692434
qwen3,avg_prob,50,4,IGLB,2,-0.2262541053450647
qwen3,avg_prob,50,5,Platt,0,-0.23054441162267444
qwen3,avg_prob,50,5,IGHB (alpha 0.003),19,-0.18953865295640027
qwen3,avg_prob,50,5,IGHB long (alpha 1e-4),97,-0.1465278392445655
qwen3,avg_prob,50,5,noise aware IGHB,28,-0.16418509928779912
qwen3,avg_prob,50,5,holdout IGHB,35,-0.19100401974463732
qwen3,avg_prob,50,5,IGLB,1,-0.22259720799884347
qwen3,avg_prob,50,6,Platt,0,-0.23264131093049148
qwen3,avg_prob,50,6,IGHB (alpha 0.003),17,-0.21557494987581322
qwen3,avg_prob,50,6,IGHB long (alpha 1e-4),140,-0.1421248239256771
qwen3,avg_prob,50,6,noise aware IGHB,55,-0.21333394143419662
qwen3,avg_prob,50,6,holdout IGHB,50,-0.19156506899393208
qwen3,avg_prob,50,6,IGLB,1,-0.20855227086428213
qwen3,avg_prob,50,7,Platt,0,-0.230078361528376
qwen3,avg_prob,50,7,IGHB (alpha 0.003),14,-0.20891104719723871
qwen3,avg_prob,50,7,IGHB long (alpha 1e-4),107,-0.14957938585785857
qwen3,avg_prob,50,7,noise aware IGHB,55,-0.20932124650794162
qwen3,avg_prob,50,7,holdout IGHB,51,-0.19146685682415976
qwen3,avg_prob,50,7,IGLB,1,-0.22295260088652913
qwen3,avg_prob,50,8,Platt,0,-0.22938196156224433
qwen3,avg_prob,50,8,IGHB (alpha 0.003),15,-0.19979773268307283
qwen3,avg_prob,50,8,IGHB long (alpha 1e-4),115,-0.16650035144516526
qwen3,avg_prob,50,8,noise aware IGHB,85,-0.21115874074916421
qwen3,avg_prob,50,8,holdout IGHB,45,-0.18025491912872238
qwen3,avg_prob,50,8,IGLB,2,-0.22208643863570976
qwen3,avg_prob,50,9,Platt,0,-0.23174381008540176
qwen3,avg_prob,50,9,IGHB (alpha 0.003),32,-0.19664470076048088
qwen3,avg_prob,50,9,IGHB long (alpha 1e-4),104,-0.14715534595077315
qwen3,avg_prob,50,9,noise aware IGHB,32,-0.1728621148653342
qwen3,avg_prob,50,9,holdout IGHB,35,-0.18519005050668266
qwen3,avg_prob,50,9,IGLB,3,-0.2283815153254795
qwen3,avg_prob,50,10,Platt,0,-0.22042833760983038
qwen3,avg_prob,50,10,IGHB (alpha 0.003),15,-0.19451157370111885
qwen3,avg_prob,50,10,IGHB long (alpha 1e-4),96,-0.16328339118114013
qwen3,avg_prob,50,10,noise aware IGHB,24,-0.1922388930451967
qwen3,avg_prob,50,10,holdout IGHB,29,-0.20532273962397085
qwen3,avg_prob,50,10,IGLB,3,-0.20129793943997754
qwen3,avg_prob,50,11,Platt,0,-0.20025756811903395
qwen3,avg_prob,50,11,IGHB (alpha 0.003),27,-0.14796161680584932
qwen3,avg_prob,50,11,IGHB long (alpha 1e-4),144,-0.10080502752975584
qwen3,avg_prob,50,11,noise aware IGHB,58,-0.1699397598113543
qwen3,avg_prob,50,11,holdout IGHB,35,-0.1634652762685185
qwen3,avg_prob,50,11,IGLB,1,-0.20185097828395368
qwen3,avg_prob,50,12,Platt,0,-0.22232754757857978
qwen3,avg_prob,50,12,IGHB (alpha 0.003),28,-0.17576041892395028
qwen3,avg_prob,50,12,IGHB long (alpha 1e-4),98,-0.12067944354078108
qwen3,avg_prob,50,12,noise aware IGHB,39,-0.1685606117163169
qwen3,avg_prob,50,12,holdout IGHB,43,-0.1826673495581904
qwen3,avg_prob,50,12,IGLB,2,-0.22672535662981647
qwen3,avg_prob,50,13,Platt,0,-0.2284576357925159
qwen3,avg_prob,50,13,IGHB (alpha 0.003),25,-0.2016083007875779
qwen3,avg_prob,50,13,IGHB long (alpha 1e-4),65,-0.18868067696299654
qwen3,avg_prob,50,13,noise aware IGHB,48,-0.20193453000509085
qwen3,avg_prob,50,13,holdout IGHB,49,-0.17835143562551187
qwen3,avg_prob,50,13,IGLB,1,-0.20453496405136184
qwen3,avg_prob,50,14,Platt,0,-0.22413069595790466
qwen3,avg_prob,50,14,IGHB (alpha 0.003),14,-0.161458649138772
qwen3,avg_prob,50,14,IGHB long (alpha 1e-4),118,-0.09816071111963887
qwen3,avg_prob,50,14,noise aware IGHB,19,-0.1937054828558773
qwen3,avg_prob,50,14,holdout IGHB,40,-0.161866190123046
qwen3,avg_prob,50,14,IGLB,2,-0.2328085954394236
qwen3,avg_prob,50,15,Platt,0,-0.2265188516870693
qwen3,avg_prob,50,15,IGHB (alpha 0.003),17,-0.18241797890702682
qwen3,avg_prob,50,15,IGHB long (alpha 1e-4),127,-0.11712808570275757
qwen3,avg_prob,50,15,noise aware IGHB,64,-0.19074050558913952
qwen3,avg_prob,50,15,holdout IGHB,35,-0.16492588841170785
qwen3,avg_prob,50,15,IGLB,4,-0.20948961231425064
qwen3,avg_prob,50,16,Platt,0,-0.2312527461805856
qwen3,avg_prob,50,16,IGHB (alpha 0.003),21,-0.19838395169748843
qwen3,avg_prob,50,16,IGHB long (alpha 1e-4),131,-0.14918758983521538
qwen3,avg_prob,50,16,noise aware IGHB,27,-0.21549364771184357
qwen3,avg_prob,50,16,holdout IGHB,42,-0.18711630355288653
qwen3,avg_prob,50,16,IGLB,2,-0.19422516832846548
qwen3,avg_prob,50,17,Platt,0,-0.23074595306121412
qwen3,avg_prob,50,17,IGHB (alpha 0.003),19,-0.18122168061027813
qwen3,avg_prob,50,17,IGHB long (alpha 1e-4),97,-0.14595519069405744
qwen3,avg_prob,50,17,noise aware IGHB,40,-0.18902277035301657
qwen3,avg_prob,50,17,holdout IGHB,34,-0.17587704472931837
qwen3,avg_prob,50,17,IGLB,0,0.0
qwen3,avg_prob,50,18,Platt,0,-0.22367729976928014
qwen3,avg_prob,50,18,IGHB (alpha 0.003),29,-0.16730062223691808
qwen3,avg_prob,50,18,IGHB long (alpha 1e-4),98,-0.14042398267460468
qwen3,avg_prob,50,18,noise aware IGHB,34,-0.12884617562338907
qwen3,avg_prob,50,18,holdout IGHB,57,-0.12498985145190755
qwen3,avg_prob,50,18,IGLB,0,0.0
qwen3,avg_prob,50,19,Platt,0,-0.22935056572665544
qwen3,avg_prob,50,19,IGHB (alpha 0.003),33,-0.19662364404433602
qwen3,avg_prob,50,19,IGHB long (alpha 1e-4),108,-0.1613281901505992
qwen3,avg_prob,50,19,noise aware IGHB,48,-0.17664873552979116
qwen3,avg_prob,50,19,holdout IGHB,35,-0.21219269315615885
qwen3,avg_prob,50,19,IGLB,2,-0.20585658558504985
qwen3,avg_prob,100,0,Platt,0,-0.2299736735063848
qwen3,avg_prob,100,0,IGHB (alpha 0.003),18,-0.2075370200785001
qwen3,avg_prob,100,0,IGHB long (alpha 1e-4),118,-0.18166796739813468
qwen3,avg_prob,100,0,noise aware IGHB,111,-0.22085815194643157
qwen3,avg_prob,100,0,holdout IGHB,54,-0.20891363923822948
qwen3,avg_prob,100,0,IGLB,4,-0.23108698088262344
qwen3,avg_prob,100,1,Platt,0,-0.22580968434603638
qwen3,avg_prob,100,1,IGHB (alpha 0.003),18,-0.20959340670869547
qwen3,avg_prob,100,1,IGHB long (alpha 1e-4),126,-0.1782747260927005
qwen3,avg_prob,100,1,noise aware IGHB,68,-0.2101185386704488
qwen3,avg_prob,100,1,holdout IGHB,31,-0.20545742888764337
qwen3,avg_prob,100,1,IGLB,1,-0.21237909233530713
qwen3,avg_prob,100,2,Platt,0,-0.22680159890288648
qwen3,avg_prob,100,2,IGHB (alpha 0.003),14,-0.20017555702476167
qwen3,avg_prob,100,2,IGHB long (alpha 1e-4),140,-0.16256157190754847
qwen3,avg_prob,100,2,noise aware IGHB,48,-0.20594515121933277
qwen3,avg_prob,100,2,holdout IGHB,87,-0.20224091959272855
qwen3,avg_prob,100,2,IGLB,3,-0.2207383309974685
qwen3,avg_prob,100,3,Platt,0,-0.23054875714367565
qwen3,avg_prob,100,3,IGHB (alpha 0.003),14,-0.2136906159125396
qwen3,avg_prob,100,3,IGHB long (alpha 1e-4),128,-0.17974983774540373
qwen3,avg_prob,100,3,noise aware IGHB,73,-0.2065682335330759
qwen3,avg_prob,100,3,holdout IGHB,51,-0.19403645701109332
qwen3,avg_prob,100,3,IGLB,1,-0.20390193276645785
qwen3,avg_prob,100,4,Platt,0,-0.23132283953644336
qwen3,avg_prob,100,4,IGHB (alpha 0.003),21,-0.21250481397386312
qwen3,avg_prob,100,4,IGHB long (alpha 1e-4),161,-0.18188391681519753
qwen3,avg_prob,100,4,noise aware IGHB,67,-0.2194262046404522
qwen3,avg_prob,100,4,holdout IGHB,42,-0.20764606125936513
qwen3,avg_prob,100,4,IGLB,2,-0.19855474609473525
qwen3,avg_prob,100,5,Platt,0,-0.22732843890502313
qwen3,avg_prob,100,5,IGHB (alpha 0.003),21,-0.20504027161008728
qwen3,avg_prob,100,5,IGHB long (alpha 1e-4),133,-0.1853706983071042
qwen3,avg_prob,100,5,noise aware IGHB,22,-0.21355658394414329
qwen3,avg_prob,100,5,holdout IGHB,33,-0.20284165707173413
qwen3,avg_prob,100,5,IGLB,3,-0.20832010311313973
qwen3,avg_prob,100,6,Platt,0,-0.2318353156080742
qwen3,avg_prob,100,6,IGHB (alpha 0.003),16,-0.2224835667452695
qwen3,avg_prob,100,6,IGHB long (alpha 1e-4),138,-0.17079861148027953
qwen3,avg_prob,100,6,noise aware IGHB,92,-0.2236808401532221
qwen3,avg_prob,100,6,holdout IGHB,32,-0.19930719860581317
qwen3,avg_prob,100,6,IGLB,4,-0.23351646793459796
qwen3,avg_prob,100,7,Platt,0,-0.22843663501432163
qwen3,avg_prob,100,7,IGHB (alpha 0.003),22,-0.2139266640311677
qwen3,avg_prob,100,7,IGHB long (alpha 1e-4),106,-0.19057486152530648
qwen3,avg_prob,100,7,noise aware IGHB,81,-0.21280787289201814
qwen3,avg_prob,100,7,holdout IGHB,30,-0.20934463269924952
qwen3,avg_prob,100,7,IGLB,1,-0.20661770980969196
qwen3,avg_prob,100,8,Platt,0,-0.23256147192788867
qwen3,avg_prob,100,8,IGHB (alpha 0.003),23,-0.21555293164840983
qwen3,avg_prob,100,8,IGHB long (alpha 1e-4),160,-0.18700584329835118
qwen3,avg_prob,100,8,noise aware IGHB,82,-0.2140254186348784
qwen3,avg_prob,100,8,holdout IGHB,33,-0.21852844115514083
qwen3,avg_prob,100,8,IGLB,4,-0.23710177045061037
qwen3,avg_prob,100,9,Platt,0,-0.23094189760349415
qwen3,avg_prob,100,9,IGHB (alpha 0.003),15,-0.20509566445332844
qwen3,avg_prob,100,9,IGHB long (alpha 1e-4),141,-0.17375384378666256
qwen3,avg_prob,100,9,noise aware IGHB,65,-0.20770886897563037
qwen3,avg_prob,100,9,holdout IGHB,45,-0.2012094864338133
qwen3,avg_prob,100,9,IGLB,4,-0.23146207554307485
qwen3,avg_prob,100,10,Platt,0,-0.22679988736401785
qwen3,avg_prob,100,10,IGHB (alpha 0.003),15,-0.21884272041672512
qwen3,avg_prob,100,10,IGHB long (alpha 1e-4),110,-0.19788038634212987
qwen3,avg_prob,100,10,noise aware IGHB,145,-0.2189614657496726
qwen3,avg_prob,100,10,holdout IGHB,44,-0.2127845835633706
qwen3,avg_prob,100,10,IGLB,2,-0.22123212108221288
qwen3,avg_prob,100,11,Platt,0,-0.22653879197226873
qwen3,avg_prob,100,11,IGHB (alpha 0.003),15,-0.2128418770338115
qwen3,avg_prob,100,11,IGHB long (alpha 1e-4),137,-0.18453338213255208
qwen3,avg_prob,100,11,noise aware IGHB,32,-0.19720393652864823
qwen3,avg_prob,100,11,holdout IGHB,47,-0.2121724082254597
qwen3,avg_prob,100,11,IGLB,2,-0.20142392245759175
qwen3,avg_prob,100,12,Platt,0,-0.22956406794356543
qwen3,avg_prob,100,12,IGHB (alpha 0.003),11,-0.2238744223339591
qwen3,avg_prob,100,12,IGHB long (alpha 1e-4),118,-0.1646876511136268
qwen3,avg_prob,100,12,noise aware IGHB,112,-0.22430370283041398
qwen3,avg_prob,100,12,holdout IGHB,54,-0.1894443056476291
qwen3,avg_prob,100,12,IGLB,2,-0.22852282228986678
qwen3,avg_prob,100,13,Platt,0,-0.22135351321109953
qwen3,avg_prob,100,13,IGHB (alpha 0.003),15,-0.21815500642895347
qwen3,avg_prob,100,13,IGHB long (alpha 1e-4),187,-0.16943143616810102
qwen3,avg_prob,100,13,noise aware IGHB,75,-0.21047363879143946
qwen3,avg_prob,100,13,holdout IGHB,31,-0.19443969043248258
qwen3,avg_prob,100,13,IGLB,2,-0.19998947026048938
qwen3,avg_prob,100,14,Platt,0,-0.22265393883192655
qwen3,avg_prob,100,14,IGHB (alpha 0.003),11,-0.20752227499924567
qwen3,avg_prob,100,14,IGHB long (alpha 1e-4),168,-0.18695236051513964
qwen3,avg_prob,100,14,noise aware IGHB,83,-0.20530450761644434
qwen3,avg_prob,100,14,holdout IGHB,44,-0.19896177447932523
qwen3,avg_prob,100,14,IGLB,1,-0.2100923167300354
qwen3,avg_prob,100,15,Platt,0,-0.23067571923951433
qwen3,avg_prob,100,15,IGHB (alpha 0.003),16,-0.222178870332624
qwen3,avg_prob,100,15,IGHB long (alpha 1e-4),137,-0.18538018615108745
qwen3,avg_prob,100,15,noise aware IGHB,124,-0.22149467881563087
qwen3,avg_prob,100,15,holdout IGHB,30,-0.2162974309362424
qwen3,avg_prob,100,15,IGLB,1,-0.20280526430256396
qwen3,avg_prob,100,16,Platt,0,-0.23242126232756094
qwen3,avg_prob,100,16,IGHB (alpha 0.003),18,-0.21845776600868577
qwen3,avg_prob,100,16,IGHB long (alpha 1e-4),200,-0.18301044789323537
qwen3,avg_prob,100,16,noise aware IGHB,68,-0.2173689459968109
qwen3,avg_prob,100,16,holdout IGHB,41,-0.20979893656774037
qwen3,avg_prob,100,16,IGLB,3,-0.22252612876026184
qwen3,avg_prob,100,17,Platt,0,-0.22864561938391434
qwen3,avg_prob,100,17,IGHB (alpha 0.003),11,-0.21760369503557234
qwen3,avg_prob,100,17,IGHB long (alpha 1e-4),160,-0.16901571517743844
qwen3,avg_prob,100,17,noise aware IGHB,134,-0.21662703369456157
qwen3,avg_prob,100,17,holdout IGHB,40,-0.19964819219930932
qwen3,avg_prob,100,17,IGLB,2,-0.22000727866582848
qwen3,avg_prob,100,18,Platt,0,-0.23191797943802955
qwen3,avg_prob,100,18,IGHB (alpha 0.003),19,-0.20349280844933756
qwen3,avg_prob,100,18,IGHB long (alpha 1e-4),90,-0.18154212743804338
qwen3,avg_prob,100,18,noise aware IGHB,68,-0.2090846636540284
qwen3,avg_prob,100,18,holdout IGHB,52,-0.20257021243597065
qwen3,avg_prob,100,18,IGLB,1,-0.2025096234482444
qwen3,avg_prob,100,19,Platt,0,-0.2277793299573207
qwen3,avg_prob,100,19,IGHB (alpha 0.003),17,-0.20213519872992114
qwen3,avg_prob,100,19,IGHB long (alpha 1e-4),208,-0.1577085689423579
qwen3,avg_prob,100,19,noise aware IGHB,81,-0.1959332460182988
qwen3,avg_prob,100,19,holdout IGHB,31,-0.20714757675865322
qwen3,avg_prob,100,19,IGLB,3,-0.2063862359122544
qwen3,avg_prob,200,0,Platt,0,-0.22946692097111507
qwen3,avg_prob,200,0,IGHB (alpha 0.003),14,-0.22431882224853184
qwen3,avg_prob,200,0,IGHB long (alpha 1e-4),128,-0.20518051548486885
qwen3,avg_prob,200,0,noise aware IGHB,218,-0.22433834278828566
qwen3,avg_prob,200,0,holdout IGHB,41,-0.22316530958155248
qwen3,avg_prob,200,0,IGLB,2,-0.22669450439075176
qwen3,avg_prob,200,1,Platt,0,-0.23025830113995988
qwen3,avg_prob,200,1,IGHB (alpha 0.003),22,-0.23171687965227927
qwen3,avg_prob,200,1,IGHB long (alpha 1e-4),162,-0.20603706562703664
qwen3,avg_prob,200,1,noise aware IGHB,54,-0.22538698123521086
qwen3,avg_prob,200,1,holdout IGHB,38,-0.2310456618842184
qwen3,avg_prob,200,1,IGLB,1,-0.22401310933681173
qwen3,avg_prob,200,2,Platt,0,-0.2286691677569746
qwen3,avg_prob,200,2,IGHB (alpha 0.003),14,-0.22733580895083724
qwen3,avg_prob,200,2,IGHB long (alpha 1e-4),168,-0.21588970830683168
qwen3,avg_prob,200,2,noise aware IGHB,139,-0.22499950163062685
qwen3,avg_prob,200,2,holdout IGHB,40,-0.22770221389436865
qwen3,avg_prob,200,2,IGLB,2,-0.22479756119599678
qwen3,avg_prob,200,3,Platt,0,-0.23006033772320278
qwen3,avg_prob,200,3,IGHB (alpha 0.003),14,-0.22044284896452446
qwen3,avg_prob,200,3,IGHB long (alpha 1e-4),197,-0.1993306421112799
qwen3,avg_prob,200,3,noise aware IGHB,300,-0.2209723670782682
qwen3,avg_prob,200,3,holdout IGHB,43,-0.22293963310656714
qwen3,avg_prob,200,3,IGLB,4,-0.22658473512851307
qwen3,avg_prob,200,4,Platt,0,-0.2300167233643063
qwen3,avg_prob,200,4,IGHB (alpha 0.003),19,-0.23216040263137785
qwen3,avg_prob,200,4,IGHB long (alpha 1e-4),159,-0.2103132754731518
qwen3,avg_prob,200,4,noise aware IGHB,95,-0.22396627539005434
qwen3,avg_prob,200,4,holdout IGHB,61,-0.22136034168611296
qwen3,avg_prob,200,4,IGLB,1,-0.22261659973491335
qwen3,avg_prob,200,5,Platt,0,-0.2312565682871886
qwen3,avg_prob,200,5,IGHB (alpha 0.003),15,-0.2261634880758252
qwen3,avg_prob,200,5,IGHB long (alpha 1e-4),165,-0.206159840603874
qwen3,avg_prob,200,5,noise aware IGHB,124,-0.22881047119538542
qwen3,avg_prob,200,5,holdout IGHB,40,-0.2230198916739684
qwen3,avg_prob,200,5,IGLB,5,-0.236161261965845
qwen3,avg_prob,200,6,Platt,0,-0.22974174352039514
qwen3,avg_prob,200,6,IGHB (alpha 0.003),18,-0.22965407280655425
qwen3,avg_prob,200,6,IGHB long (alpha 1e-4),147,-0.21012031209461146
qwen3,avg_prob,200,6,noise aware IGHB,48,-0.22900946579780057
qwen3,avg_prob,200,6,holdout IGHB,42,-0.2217572193052188
qwen3,avg_prob,200,6,IGLB,2,-0.22902866938387953
qwen3,avg_prob,200,7,Platt,0,-0.23059656492174088
qwen3,avg_prob,200,7,IGHB (alpha 0.003),13,-0.22862849544201616
qwen3,avg_prob,200,7,IGHB long (alpha 1e-4),174,-0.2019111496005261
qwen3,avg_prob,200,7,noise aware IGHB,46,-0.22601437073020936
qwen3,avg_prob,200,7,holdout IGHB,46,-0.23038483821436687
qwen3,avg_prob,200,7,IGLB,3,-0.22871271023668238
qwen3,avg_prob,200,8,Platt,0,-0.23033516206422178
qwen3,avg_prob,200,8,IGHB (alpha 0.003),20,-0.22569694518253375
qwen3,avg_prob,200,8,IGHB long (alpha 1e-4),121,-0.2067950979210299
qwen3,avg_prob,200,8,noise aware IGHB,53,-0.22251580961196007
qwen3,avg_prob,200,8,holdout IGHB,54,-0.2199219939183599
qwen3,avg_prob,200,8,IGLB,2,-0.2310657680128019
qwen3,avg_prob,200,9,Platt,0,-0.22945839228080603
qwen3,avg_prob,200,9,IGHB (alpha 0.003),14,-0.22157435255654648
qwen3,avg_prob,200,9,IGHB long (alpha 1e-4),156,-0.1974030788100377
qwen3,avg_prob,200,9,noise aware IGHB,210,-0.2228212904406969
qwen3,avg_prob,200,9,holdout IGHB,50,-0.2267636392468387
qwen3,avg_prob,200,9,IGLB,3,-0.22865298230022615
qwen3,avg_prob,200,10,Platt,0,-0.23037917246515463
qwen3,avg_prob,200,10,IGHB (alpha 0.003),18,-0.2213206990509374
qwen3,avg_prob,200,10,IGHB long (alpha 1e-4),137,-0.2112687639242919
qwen3,avg_prob,200,10,noise aware IGHB,161,-0.22806646522283713
qwen3,avg_prob,200,10,holdout IGHB,43,-0.22281819622310314
qwen3,avg_prob,200,10,IGLB,2,-0.22805627397340583
qwen3,avg_prob,200,11,Platt,0,-0.22982304194859685
qwen3,avg_prob,200,11,IGHB (alpha 0.003),18,-0.2203177139440057
qwen3,avg_prob,200,11,IGHB long (alpha 1e-4),140,-0.20665771831624566
qwen3,avg_prob,200,11,noise aware IGHB,55,-0.22246319112498666
qwen3,avg_prob,200,11,holdout IGHB,47,-0.22461895628589115
qwen3,avg_prob,200,11,IGLB,2,-0.2287718299373005
qwen3,avg_prob,200,12,Platt,0,-0.22980663148357827
qwen3,avg_prob,200,12,IGHB (alpha 0.003),17,-0.22381674452201714
qwen3,avg_prob,200,12,IGHB long (alpha 1e-4),146,-0.21040830206905953
qwen3,avg_prob,200,12,noise aware IGHB,114,-0.2190392245619613
qwen3,avg_prob,200,12,holdout IGHB,36,-0.22906185182154232
qwen3,avg_prob,200,12,IGLB,1,-0.22192258288926936
qwen3,avg_prob,200,13,Platt,0,-0.22943008080558958
qwen3,avg_prob,200,13,IGHB (alpha 0.003),16,-0.2294128717961982
qwen3,avg_prob,200,13,IGHB long (alpha 1e-4),143,-0.2136049056783124
qwen3,avg_prob,200,13,noise aware IGHB,50,-0.23253094839329852
qwen3,avg_prob,200,13,holdout IGHB,52,-0.22463076788630362
qwen3,avg_prob,200,13,IGLB,4,-0.22980718701026007
qwen3,avg_prob,200,14,Platt,0,-0.23109405475956324
qwen3,avg_prob,200,14,IGHB (alpha 0.003),16,-0.2262296291798768
qwen3,avg_prob,200,14,IGHB long (alpha 1e-4),136,-0.21047906934092667
qwen3,avg_prob,200,14,noise aware IGHB,101,-0.22831223482883445
qwen3,avg_prob,200,14,holdout IGHB,39,-0.22470413980215762
qwen3,avg_prob,200,14,IGLB,4,-0.2267513819754626
qwen3,avg_prob,200,15,Platt,0,-0.23071772318273379
qwen3,avg_prob,200,15,IGHB (alpha 0.003),13,-0.22954021146502102
qwen3,avg_prob,200,15,IGHB long (alpha 1e-4),105,-0.21696280966275644
qwen3,avg_prob,200,15,noise aware IGHB,235,-0.23231511066735358
qwen3,avg_prob,200,15,holdout IGHB,40,-0.21960177133856423
qwen3,avg_prob,200,15,IGLB,3,-0.23432295863718083
qwen3,avg_prob,200,16,Platt,0,-0.23043548725842694
qwen3,avg_prob,200,16,IGHB (alpha 0.003),21,-0.22492497204994344
qwen3,avg_prob,200,16,IGHB long (alpha 1e-4),139,-0.21339520583453417
qwen3,avg_prob,200,16,noise aware IGHB,116,-0.22150101129417393
qwen3,avg_prob,200,16,holdout IGHB,40,-0.21718409614002893
qwen3,avg_prob,200,16,IGLB,2,-0.23033944143189825
qwen3,avg_prob,200,17,Platt,0,-0.23074727437122125
qwen3,avg_prob,200,17,IGHB (alpha 0.003),14,-0.22021623366784046
qwen3,avg_prob,200,17,IGHB long (alpha 1e-4),146,-0.20531762701613057
qwen3,avg_prob,200,17,noise aware IGHB,94,-0.22249035059452218
qwen3,avg_prob,200,17,holdout IGHB,32,-0.22340922647070305
qwen3,avg_prob,200,17,IGLB,3,-0.23449852057190557
qwen3,avg_prob,200,18,Platt,0,-0.22951450580228944
qwen3,avg_prob,200,18,IGHB (alpha 0.003),15,-0.22966117135654884
qwen3,avg_prob,200,18,IGHB long (alpha 1e-4),157,-0.20480378114333628
qwen3,avg_prob,200,18,noise aware IGHB,84,-0.22881112039761942
qwen3,avg_prob,200,18,holdout IGHB,48,-0.2266387813512939
qwen3,avg_prob,200,18,IGLB,2,-0.22683774013864627
qwen3,avg_prob,200,19,Platt,0,-0.2305453283674762
qwen3,avg_prob,200,19,IGHB (alpha 0.003),12,-0.22544107154804618
qwen3,avg_prob,200,19,IGHB long (alpha 1e-4),133,-0.21150308560249254
qwen3,avg_prob,200,19,noise aware IGHB,82,-0.22393969222268495
qwen3,avg_prob,200,19,holdout IGHB,44,-0.21561822933983657
qwen3,avg_prob,200,19,IGLB,2,-0.22725565077623794
qwen3,avg_prob,211,0,Platt,0,-0.23023637512901446
qwen3,avg_prob,211,0,IGHB (alpha 0.003),17,-0.22979182576613374
qwen3,avg_prob,211,0,IGHB long (alpha 1e-4),138,-0.20105428810783274
qwen3,avg_prob,211,0,noise aware IGHB,89,-0.22909621790956883
qwen3,avg_prob,211,0,holdout IGHB,43,-0.22081893207337022
qwen3,avg_prob,211,0,IGLB,2,-0.23032129550789038
qwen3,B2,25,0,Platt,0,-0.0009500125307876361
qwen3,B2,25,0,IGHB (alpha 0.003),24,0.09149310399092186
qwen3,B2,25,0,IGHB long (alpha 1e-4),45,0.11239496128666157
qwen3,B2,25,0,noise aware IGHB,10,0.0018224986631167062
qwen3,B2,25,0,holdout IGHB,35,0.05827226723151277
qwen3,B2,25,0,IGLB,0,0.0
qwen3,B2,25,1,Platt,0,0.015564534795694834
qwen3,B2,25,1,IGHB (alpha 0.003),33,0.06098520575778149
qwen3,B2,25,1,IGHB long (alpha 1e-4),52,0.06678294650266642
qwen3,B2,25,1,noise aware IGHB,29,-0.00048139333442198673
qwen3,B2,25,1,holdout IGHB,16,0.03725364919080862
qwen3,B2,25,1,IGLB,0,0.0
qwen3,B2,25,2,Platt,0,0.0024463757781548606
qwen3,B2,25,2,IGHB (alpha 0.003),20,0.0606160235065093
qwen3,B2,25,2,IGHB long (alpha 1e-4),46,0.07786436122929105
qwen3,B2,25,2,noise aware IGHB,4,-0.0006041634555758318
qwen3,B2,25,2,holdout IGHB,39,0.0776431467581021
qwen3,B2,25,2,IGLB,0,0.0
qwen3,B2,25,3,Platt,0,0.003045127580485113
qwen3,B2,25,3,IGHB (alpha 0.003),17,0.022993762307029986
qwen3,B2,25,3,IGHB long (alpha 1e-4),37,0.040743882919507285
qwen3,B2,25,3,noise aware IGHB,11,0.010282876503852803
qwen3,B2,25,3,holdout IGHB,37,0.0368081276247485
qwen3,B2,25,3,IGLB,0,0.0
qwen3,B2,25,4,Platt,0,-0.00010246990327630878
qwen3,B2,25,4,IGHB (alpha 0.003),22,0.07231976408794047
qwen3,B2,25,4,IGHB long (alpha 1e-4),68,0.09652783783228366
qwen3,B2,25,4,noise aware IGHB,2,2.591392514481039e-05
qwen3,B2,25,4,holdout IGHB,25,0.054990488705566914
qwen3,B2,25,4,IGLB,0,0.0
qwen3,B2,25,5,Platt,0,-0.0015821411980637273
qwen3,B2,25,5,IGHB (alpha 0.003),34,0.05320226889561361
qwen3,B2,25,5,IGHB long (alpha 1e-4),64,0.06799399972693573
qwen3,B2,25,5,noise aware IGHB,4,0.000983972308549741
qwen3,B2,25,5,holdout IGHB,36,0.057643896031808806
qwen3,B2,25,5,IGLB,0,0.0
qwen3,B2,25,6,Platt,0,0.0010336101832279648
qwen3,B2,25,6,IGHB (alpha 0.003),25,0.04142645497496231
qwen3,B2,25,6,IGHB long (alpha 1e-4),73,0.06880276978338232
qwen3,B2,25,6,noise aware IGHB,32,0.00972346160794263
qwen3,B2,25,6,holdout IGHB,25,0.03322203367917037
qwen3,B2,25,6,IGLB,0,0.0
qwen3,B2,25,7,Platt,0,0.043284616244881224
qwen3,B2,25,7,IGHB (alpha 0.003),26,0.11851078048298985
qwen3,B2,25,7,IGHB long (alpha 1e-4),39,0.1269889399077378
qwen3,B2,25,7,noise aware IGHB,6,0.02003535340250942
qwen3,B2,25,7,holdout IGHB,71,0.11753973337657755
qwen3,B2,25,7,IGLB,0,0.0
qwen3,B2,25,8,Platt,0,-0.0005829761082676022
qwen3,B2,25,8,IGHB (alpha 0.003),22,0.04355984392329745
qwen3,B2,25,8,IGHB long (alpha 1e-4),62,0.08388696841108464
qwen3,B2,25,8,noise aware IGHB,11,0.0018826706484990352
qwen3,B2,25,8,holdout IGHB,37,0.03957413359033837
qwen3,B2,25,8,IGLB,1,0.0012344835396154996
qwen3,B2,25,9,Platt,0,0.023336187348994814
qwen3,B2,25,9,IGHB (alpha 0.003),21,0.08338808155453112
qwen3,B2,25,9,IGHB long (alpha 1e-4),60,0.12427368239477687
qwen3,B2,25,9,noise aware IGHB,19,0.013806569688129183
qwen3,B2,25,9,holdout IGHB,38,0.08412415575613544
qwen3,B2,25,9,IGLB,1,0.08983610605052827
qwen3,B2,25,10,Platt,0,0.00021548312732241892
qwen3,B2,25,10,IGHB (alpha 0.003),18,0.07218641598933806
qwen3,B2,25,10,IGHB long (alpha 1e-4),50,0.0963983780697237
qwen3,B2,25,10,noise aware IGHB,14,0.004846707792393198
qwen3,B2,25,10,holdout IGHB,31,0.05785521437784438
qwen3,B2,25,10,IGLB,0,0.0
qwen3,B2,25,11,Platt,0,0.0009027223517502486
qwen3,B2,25,11,IGHB (alpha 0.003),28,0.05980439938702764
qwen3,B2,25,11,IGHB long (alpha 1e-4),43,0.07500714366596137
qwen3,B2,25,11,noise aware IGHB,51,0.018460745739319703
qwen3,B2,25,11,holdout IGHB,51,0.07952624082110385
qwen3,B2,25,11,IGLB,0,0.0
qwen3,B2,25,12,Platt,0,0.0021367756376319963
qwen3,B2,25,12,IGHB (alpha 0.003),23,0.059323566963514346
qwen3,B2,25,12,IGHB long (alpha 1e-4),59,0.08093723366762812
qwen3,B2,25,12,noise aware IGHB,4,0.002545559477492826
qwen3,B2,25,12,holdout IGHB,28,0.03388797122766965
qwen3,B2,25,12,IGLB,0,0.0
qwen3,B2,25,13,Platt,0,0.0019531545221389834
qwen3,B2,25,13,IGHB (alpha 0.003),21,0.0553688768748892
qwen3,B2,25,13,IGHB long (alpha 1e-4),75,0.08538032919757249
qwen3,B2,25,13,noise aware IGHB,1,-1.685269696506675e-05
qwen3,B2,25,13,holdout IGHB,10,0.026042099759202936
qwen3,B2,25,13,IGLB,0,0.0
qwen3,B2,25,14,Platt,0,0.011455629961877614
qwen3,B2,25,14,IGHB (alpha 0.003),16,0.028994088935487022
qwen3,B2,25,14,IGHB long (alpha 1e-4),56,0.054895479894162935
qwen3,B2,25,14,noise aware IGHB,6,0.0008000886093050275
qwen3,B2,25,14,holdout IGHB,52,0.025860296886240197
qwen3,B2,25,14,IGLB,3,0.011270778745642154
qwen3,B2,25,15,Platt,0,0.01128336632660884
qwen3,B2,25,15,IGHB (alpha 0.003),22,0.0680269648065236
qwen3,B2,25,15,IGHB long (alpha 1e-4),47,0.0990093605465168
qwen3,B2,25,15,noise aware IGHB,33,0.0005899011107730473
qwen3,B2,25,15,holdout IGHB,33,0.06494610003647855
qwen3,B2,25,15,IGLB,0,0.0
qwen3,B2,25,16,Platt,0,-0.0016655970071262766
qwen3,B2,25,16,IGHB (alpha 0.003),24,0.05250675148418599
qwen3,B2,25,16,IGHB long (alpha 1e-4),43,0.07079273991593521
qwen3,B2,25,16,noise aware IGHB,5,0.0023963742240020736
qwen3,B2,25,16,holdout IGHB,56,0.0574500500427641
qwen3,B2,25,16,IGLB,0,0.0
qwen3,B2,25,17,Platt,0,0.0015483303324775044
qwen3,B2,25,17,IGHB (alpha 0.003),14,0.0418972796763846
qwen3,B2,25,17,IGHB long (alpha 1e-4),52,0.06128828644259057
qwen3,B2,25,17,noise aware IGHB,5,0.004083915484343725
qwen3,B2,25,17,holdout IGHB,25,0.03945446728098906
qwen3,B2,25,17,IGLB,0,0.0
qwen3,B2,25,18,Platt,0,0.0004433059497413877
qwen3,B2,25,18,IGHB (alpha 0.003),21,0.03869591096796404
qwen3,B2,25,18,IGHB long (alpha 1e-4),68,0.09030224609272061
qwen3,B2,25,18,noise aware IGHB,3,-3.781336462270468e-05
qwen3,B2,25,18,holdout IGHB,36,0.044909911871578306
qwen3,B2,25,18,IGLB,0,0.0
qwen3,B2,25,19,Platt,0,-0.0006256088138460875
qwen3,B2,25,19,IGHB (alpha 0.003),28,0.04612960538889607
qwen3,B2,25,19,IGHB long (alpha 1e-4),92,0.08190914675613206
qwen3,B2,25,19,noise aware IGHB,7,0.001580158810130225
qwen3,B2,25,19,holdout IGHB,29,0.04965721029862391
qwen3,B2,25,19,IGLB,0,0.0
qwen3,B2,50,0,Platt,0,0.002638850267088516
qwen3,B2,50,0,IGHB (alpha 0.003),16,0.010926443755464685
qwen3,B2,50,0,IGHB long (alpha 1e-4),147,0.06192795447243038
qwen3,B2,50,0,noise aware IGHB,32,0.004425524052623975
qwen3,B2,50,0,holdout IGHB,23,0.01621940135411444
qwen3,B2,50,0,IGLB,2,0.0016906455114093222
qwen3,B2,50,1,Platt,0,0.00031441199488564664
qwen3,B2,50,1,IGHB (alpha 0.003),11,0.014898330710955698
qwen3,B2,50,1,IGHB long (alpha 1e-4),73,0.05718152299947818
qwen3,B2,50,1,noise aware IGHB,30,0.023068676308046987
qwen3,B2,50,1,holdout IGHB,25,0.038598810519740845
qwen3,B2,50,1,IGLB,1,0.00614952140124643
qwen3,B2,50,2,Platt,0,-0.00031120120665673046
qwen3,B2,50,2,IGHB (alpha 0.003),29,0.061381232095047866
qwen3,B2,50,2,IGHB long (alpha 1e-4),75,0.08340774762340031
qwen3,B2,50,2,noise aware IGHB,33,0.006458206075067668
qwen3,B2,50,2,holdout IGHB,20,0.036573575213175336
qwen3,B2,50,2,IGLB,1,0.0480700108014811
qwen3,B2,50,3,Platt,0,-0.000942195672503407
qwen3,B2,50,3,IGHB (alpha 0.003),18,0.03768093790551
qwen3,B2,50,3,IGHB long (alpha 1e-4),110,0.08035815157272233
qwen3,B2,50,3,noise aware IGHB,41,0.008313219467840388
qwen3,B2,50,3,holdout IGHB,17,0.020674455779836384
qwen3,B2,50,3,IGLB,0,0.0
qwen3,B2,50,4,Platt,0,0.0025702961022176785
qwen3,B2,50,4,IGHB (alpha 0.003),29,0.03545938445026958
qwen3,B2,50,4,IGHB long (alpha 1e-4),107,0.06413244735989232
qwen3,B2,50,4,noise aware IGHB,27,0.014808183000058733
qwen3,B2,50,4,holdout IGHB,39,0.04437092058169842
qwen3,B2,50,4,IGLB,0,0.0
qwen3,B2,50,5,Platt,0,-0.0008862823876983617
qwen3,B2,50,5,IGHB (alpha 0.003),20,0.02596781636896478
qwen3,B2,50,5,IGHB long (alpha 1e-4),106,0.0789804494727935
qwen3,B2,50,5,noise aware IGHB,82,0.012446079743428776
qwen3,B2,50,5,holdout IGHB,28,0.037736869367944764
qwen3,B2,50,5,IGLB,0,0.0
qwen3,B2,50,6,Platt,0,0.0005413034235287606
qwen3,B2,50,6,IGHB (alpha 0.003),19,0.023749562338023167
qwen3,B2,50,6,IGHB long (alpha 1e-4),112,0.07048313244599866
qwen3,B2,50,6,noise aware IGHB,30,0.011401674024715314
qwen3,B2,50,6,holdout IGHB,39,0.031647560102731065
qwen3,B2,50,6,IGLB,1,0.0023323298312152574
qwen3,B2,50,7,Platt,0,-0.00176545120146189
qwen3,B2,50,7,IGHB (alpha 0.003),17,0.036369697016221364
qwen3,B2,50,7,IGHB long (alpha 1e-4),94,0.07988424039699973
qwen3,B2,50,7,noise aware IGHB,43,0.018952652824123145
qwen3,B2,50,7,holdout IGHB,29,0.03660795165735731
qwen3,B2,50,7,IGLB,0,0.0
qwen3,B2,50,8,Platt,0,0.0021943789272354797
qwen3,B2,50,8,IGHB (alpha 0.003),26,0.03508258284830479
qwen3,B2,50,8,IGHB long (alpha 1e-4),137,0.07720846893573441
qwen3,B2,50,8,noise aware IGHB,22,0.002621818921794694
qwen3,B2,50,8,holdout IGHB,17,0.023452494769277132
qwen3,B2,50,8,IGLB,0,0.0
qwen3,B2,50,9,Platt,0,0.0038896841466327936
qwen3,B2,50,9,IGHB (alpha 0.003),18,0.025133191970155178
qwen3,B2,50,9,IGHB long (alpha 1e-4),90,0.07663950723042781
qwen3,B2,50,9,noise aware IGHB,25,0.018701878527283333
qwen3,B2,50,9,holdout IGHB,24,0.039595950692224297
qwen3,B2,50,9,IGLB,4,0.02300897591953871
qwen3,B2,50,10,Platt,0,0.004826154513359035
qwen3,B2,50,10,IGHB (alpha 0.003),16,0.03460899817002466
qwen3,B2,50,10,IGHB long (alpha 1e-4),132,0.08374404176346753
qwen3,B2,50,10,noise aware IGHB,20,0.0026098064543237515
qwen3,B2,50,10,holdout IGHB,25,0.03582550339971807
qwen3,B2,50,10,IGLB,1,0.0074099524089641655
qwen3,B2,50,11,Platt,0,0.008541241247666864
qwen3,B2,50,11,IGHB (alpha 0.003),12,0.03326293308489606
qwen3,B2,50,11,IGHB long (alpha 1e-4),128,0.09020042835023162
qwen3,B2,50,11,noise aware IGHB,21,0.01474529184442036
qwen3,B2,50,11,holdout IGHB,41,0.04544251761995824
qwen3,B2,50,11,IGLB,1,0.030622954008618142
qwen3,B2,50,12,Platt,0,0.0007999472888700482
qwen3,B2,50,12,IGHB (alpha 0.003),25,0.03607774333200561
qwen3,B2,50,12,IGHB long (alpha 1e-4),121,0.0726304070228741
qwen3,B2,50,12,noise aware IGHB,34,0.008047802002670468
qwen3,B2,50,12,holdout IGHB,45,0.05033564456650372
qwen3,B2,50,12,IGLB,5,0.028439454669895142
qwen3,B2,50,13,Platt,0,0.008067449695915246
qwen3,B2,50,13,IGHB (alpha 0.003),25,0.031894092403699614
qwen3,B2,50,13,IGHB long (alpha 1e-4),77,0.05631707204355291
qwen3,B2,50,13,noise aware IGHB,57,0.014517864560178076
qwen3,B2,50,13,holdout IGHB,55,0.045167893416670074
qwen3,B2,50,13,IGLB,0,0.0
qwen3,B2,50,14,Platt,0,0.0035919340131355393
qwen3,B2,50,14,IGHB (alpha 0.003),29,0.06433422980518244
qwen3,B2,50,14,IGHB long (alpha 1e-4),109,0.08712659212177551
qwen3,B2,50,14,noise aware IGHB,50,0.009503993991131707
qwen3,B2,50,14,holdout IGHB,20,0.041552219432934495
qwen3,B2,50,14,IGLB,0,0.0
qwen3,B2,50,15,Platt,0,0.0030434930519642606
qwen3,B2,50,15,IGHB (alpha 0.003),23,0.033897252807893186
qwen3,B2,50,15,IGHB long (alpha 1e-4),138,0.07996853119041517
qwen3,B2,50,15,noise aware IGHB,58,0.013234410399992583
qwen3,B2,50,15,holdout IGHB,29,0.041350150251302314
qwen3,B2,50,15,IGLB,0,0.0
qwen3,B2,50,16,Platt,0,0.0016478130485026998
qwen3,B2,50,16,IGHB (alpha 0.003),20,0.03085945550682806
qwen3,B2,50,16,IGHB long (alpha 1e-4),108,0.07421299027135334
qwen3,B2,50,16,noise aware IGHB,53,0.01731069390442176
qwen3,B2,50,16,holdout IGHB,27,0.04660062228450734
qwen3,B2,50,16,IGLB,0,0.0
qwen3,B2,50,17,Platt,0,0.0006943297854843378
qwen3,B2,50,17,IGHB (alpha 0.003),17,0.030198894818639577
qwen3,B2,50,17,IGHB long (alpha 1e-4),106,0.09272600565324063
qwen3,B2,50,17,noise aware IGHB,23,0.010979513432434751
qwen3,B2,50,17,holdout IGHB,27,0.0235315883866431
qwen3,B2,50,17,IGLB,0,0.0
qwen3,B2,50,18,Platt,0,5.9079036252393524e-05
qwen3,B2,50,18,IGHB (alpha 0.003),23,0.03432535717631255
qwen3,B2,50,18,IGHB long (alpha 1e-4),90,0.0815705170219973
qwen3,B2,50,18,noise aware IGHB,43,0.013756371795462977
qwen3,B2,50,18,holdout IGHB,43,0.054282123124542364
qwen3,B2,50,18,IGLB,0,0.0
qwen3,B2,50,19,Platt,0,0.0025048786738799123
qwen3,B2,50,19,IGHB (alpha 0.003),24,0.046335669426722265
qwen3,B2,50,19,IGHB long (alpha 1e-4),124,0.09374213499101541
qwen3,B2,50,19,noise aware IGHB,54,0.005613904361432567
qwen3,B2,50,19,holdout IGHB,20,0.04780789872176133
qwen3,B2,50,19,IGLB,2,0.027481157828295105
qwen3,B2,100,0,Platt,0,-0.0010155522161821584
qwen3,B2,100,0,IGHB (alpha 0.003),11,0.01657734817260692
qwen3,B2,100,0,IGHB long (alpha 1e-4),144,0.04645154603659879
qwen3,B2,100,0,noise aware IGHB,40,0.00916176934827076
qwen3,B2,100,0,holdout IGHB,44,0.0264265409172893
qwen3,B2,100,0,IGLB,0,0.0
qwen3,B2,100,1,Platt,0,0.0011487459420570778
qwen3,B2,100,1,IGHB (alpha 0.003),21,0.020633879259117374
qwen3,B2,100,1,IGHB long (alpha 1e-4),162,0.05304242404539691
qwen3,B2,100,1,noise aware IGHB,73,0.010849537047198182
qwen3,B2,100,1,holdout IGHB,27,0.026056053250039346
qwen3,B2,100,1,IGLB,0,0.0
qwen3,B2,100,2,Platt,0,0.0023631862134583514
qwen3,B2,100,2,IGHB (alpha 0.003),18,0.021425980053218385
qwen3,B2,100,2,IGHB long (alpha 1e-4),164,0.05020112504861471
qwen3,B2,100,2,noise aware IGHB,31,0.006880043204964825
qwen3,B2,100,2,holdout IGHB,23,0.023158711710133312
qwen3,B2,100,2,IGLB,0,0.0
qwen3,B2,100,3,Platt,0,0.003057111391949821
qwen3,B2,100,3,IGHB (alpha 0.003),13,0.010217134614739554
qwen3,B2,100,3,IGHB long (alpha 1e-4),114,0.04633004231558391
qwen3,B2,100,3,noise aware IGHB,59,0.012096935620388174
qwen3,B2,100,3,holdout IGHB,32,0.024106629729254148
qwen3,B2,100,3,IGLB,0,0.0
qwen3,B2,100,4,Platt,0,0.0021026652714752903
qwen3,B2,100,4,IGHB (alpha 0.003),10,0.01781209638816697
qwen3,B2,100,4,IGHB long (alpha 1e-4),107,0.04159303638689679
qwen3,B2,100,4,noise aware IGHB,48,0.01623321691399146
qwen3,B2,100,4,holdout IGHB,18,0.009162700576586566
qwen3,B2,100,4,IGLB,0,0.0
qwen3,B2,100,5,Platt,0,-0.0009845966022227481
qwen3,B2,100,5,IGHB (alpha 0.003),9,0.013087204765295984
qwen3,B2,100,5,IGHB long (alpha 1e-4),186,0.07417002926418578
qwen3,B2,100,5,noise aware IGHB,45,0.006581986219289293
qwen3,B2,100,5,holdout IGHB,19,0.008811705855814617
qwen3,B2,100,5,IGLB,0,0.0
qwen3,B2,100,6,Platt,0,-0.00019186706803017706
qwen3,B2,100,6,IGHB (alpha 0.003),8,0.0022741943467003284
qwen3,B2,100,6,IGHB long (alpha 1e-4),163,0.07072726696741072
qwen3,B2,100,6,noise aware IGHB,49,0.00886987621565602
qwen3,B2,100,6,holdout IGHB,22,0.009185572189790825
qwen3,B2,100,6,IGLB,1,0.010288035733575576
qwen3,B2,100,7,Platt,0,0.0009844049074274608
qwen3,B2,100,7,IGHB (alpha 0.003),16,0.021343190980120566
qwen3,B2,100,7,IGHB long (alpha 1e-4),178,0.05261665437644558
qwen3,B2,100,7,noise aware IGHB,32,0.019322927460447725
qwen3,B2,100,7,holdout IGHB,27,0.02519526848366671
qwen3,B2,100,7,IGLB,0,0.0
qwen3,B2,100,8,Platt,0,-0.0008921274843695925
qwen3,B2,100,8,IGHB (alpha 0.003),14,0.024805080868397666
qwen3,B2,100,8,IGHB long (alpha 1e-4),154,0.06071958513328288
qwen3,B2,100,8,noise aware IGHB,29,0.008700660135189747
qwen3,B2,100,8,holdout IGHB,20,0.014915467551372422
qwen3,B2,100,8,IGLB,0,0.0
qwen3,B2,100,9,Platt,0,-0.001234741712861434
qwen3,B2,100,9,IGHB (alpha 0.003),10,0.006379402428934186
qwen3,B2,100,9,IGHB long (alpha 1e-4),134,0.047483307292993826
qwen3,B2,100,9,noise aware IGHB,64,-0.0005502581480851532
qwen3,B2,100,9,holdout IGHB,20,0.006788352701041819
qwen3,B2,100,9,IGLB,0,0.0
qwen3,B2,100,10,Platt,0,0.0014090722597923377
qwen3,B2,100,10,IGHB (alpha 0.003),19,0.03348878120387502
qwen3,B2,100,10,IGHB long (alpha 1e-4),118,0.06155966923177769
qwen3,B2,100,10,noise aware IGHB,25,0.013192634153660066
qwen3,B2,100,10,holdout IGHB,32,0.03520550091957922
qwen3,B2,100,10,IGLB,0,0.0
qwen3,B2,100,11,Platt,0,0.0013143267739215009
qwen3,B2,100,11,IGHB (alpha 0.003),11,0.015620198382946746
qwen3,B2,100,11,IGHB long (alpha 1e-4),125,0.048944613564148226
qwen3,B2,100,11,noise aware IGHB,30,0.011000458024901058
qwen3,B2,100,11,holdout IGHB,23,0.022209581323205982
qwen3,B2,100,11,IGLB,0,0.0
qwen3,B2,100,12,Platt,0,-0.0004557042931816052
qwen3,B2,100,12,IGHB (alpha 0.003),11,0.007841069669802955
qwen3,B2,100,12,IGHB long (alpha 1e-4),161,0.06138284910102662
qwen3,B2,100,12,noise aware IGHB,43,0.00967333693737328
qwen3,B2,100,12,holdout IGHB,23,0.015570598364610416
qwen3,B2,100,12,IGLB,0,0.0
qwen3,B2,100,13,Platt,0,0.004583718773774892
qwen3,B2,100,13,IGHB (alpha 0.003),9,0.01459783706270229
qwen3,B2,100,13,IGHB long (alpha 1e-4),190,0.06614964405309223
qwen3,B2,100,13,noise aware IGHB,51,0.012929974865587793
qwen3,B2,100,13,holdout IGHB,10,0.00867601265344442
qwen3,B2,100,13,IGLB,0,0.0
qwen3,B2,100,14,Platt,0,0.007015529637044202
qwen3,B2,100,14,IGHB (alpha 0.003),11,0.026432940896310486
qwen3,B2,100,14,IGHB long (alpha 1e-4),207,0.058781117565351065
qwen3,B2,100,14,noise aware IGHB,49,0.0067334094504746395
qwen3,B2,100,14,holdout IGHB,21,0.029117586140842616
qwen3,B2,100,14,IGLB,0,0.0
qwen3,B2,100,15,Platt,0,0.0006705319166806917
qwen3,B2,100,15,IGHB (alpha 0.003),15,0.013791160905715957
qwen3,B2,100,15,IGHB long (alpha 1e-4),146,0.05651158068023043
qwen3,B2,100,15,noise aware IGHB,53,0.01766918265289863
qwen3,B2,100,15,holdout IGHB,12,0.008585843755918907
qwen3,B2,100,15,IGLB,0,0.0
qwen3,B2,100,16,Platt,0,0.0006345297014545975
qwen3,B2,100,16,IGHB (alpha 0.003),14,0.015692519614977044
qwen3,B2,100,16,IGHB long (alpha 1e-4),146,0.05766642806569189
qwen3,B2,100,16,noise aware IGHB,106,0.012705210413462592
qwen3,B2,100,16,holdout IGHB,24,0.028125608373416017
qwen3,B2,100,16,IGLB,0,0.0
qwen3,B2,100,17,Platt,0,-0.0002592935491484011
qwen3,B2,100,17,IGHB (alpha 0.003),13,0.017304941101453156
qwen3,B2,100,17,IGHB long (alpha 1e-4),141,0.059139990446639173
qwen3,B2,100,17,noise aware IGHB,58,0.0027055160569840475
qwen3,B2,100,17,holdout IGHB,28,0.01130270184068087
qwen3,B2,100,17,IGLB,0,0.0
qwen3,B2,100,18,Platt,0,0.0021398158427651387
qwen3,B2,100,18,IGHB (alpha 0.003),11,0.014492671313742572
qwen3,B2,100,18,IGHB long (alpha 1e-4),104,0.04724162697533077
qwen3,B2,100,18,noise aware IGHB,72,0.020473912416741707
qwen3,B2,100,18,holdout IGHB,40,0.03482281055523148
qwen3,B2,100,18,IGLB,1,0.0010453878589791882
qwen3,B2,100,19,Platt,0,0.000939714328452107
qwen3,B2,100,19,IGHB (alpha 0.003),14,0.021084389478985402
qwen3,B2,100,19,IGHB long (alpha 1e-4),163,0.06273998857951718
qwen3,B2,100,19,noise aware IGHB,21,0.00788251048413155
qwen3,B2,100,19,holdout IGHB,15,0.008412666304823388
qwen3,B2,100,19,IGLB,0,0.0
qwen3,B2,200,0,Platt,0,-0.000247594775856258
qwen3,B2,200,0,IGHB (alpha 0.003),4,-0.00020064348982792857
qwen3,B2,200,0,IGHB long (alpha 1e-4),130,0.02167553249099123
qwen3,B2,200,0,noise aware IGHB,49,0.002533655306786703
qwen3,B2,200,0,holdout IGHB,18,0.011266883705542727
qwen3,B2,200,0,IGLB,0,0.0
qwen3,B2,200,1,Platt,0,-0.0008238433815065394
qwen3,B2,200,1,IGHB (alpha 0.003),2,0.000526461678702031
qwen3,B2,200,1,IGHB long (alpha 1e-4),184,0.034230452267022926
qwen3,B2,200,1,noise aware IGHB,50,0.0029085786417765436
qwen3,B2,200,1,holdout IGHB,36,0.011465767755848053
qwen3,B2,200,1,IGLB,2,-5.0741285431726846e-05
qwen3,B2,200,2,Platt,0,-0.00036070814992679445
qwen3,B2,200,2,IGHB (alpha 0.003),7,0.00561330583473868
qwen3,B2,200,2,IGHB long (alpha 1e-4),198,0.030586283535784603
qwen3,B2,200,2,noise aware IGHB,46,0.001140853867217767
qwen3,B2,200,2,holdout IGHB,23,0.009292917390943872
qwen3,B2,200,2,IGLB,0,0.0
qwen3,B2,200,3,Platt,0,0.000287551783580961
qwen3,B2,200,3,IGHB (alpha 0.003),7,0.0033191004474271285
qwen3,B2,200,3,IGHB long (alpha 1e-4),158,0.03006661732073221
qwen3,B2,200,3,noise aware IGHB,116,0.0071551301234048376
qwen3,B2,200,3,holdout IGHB,28,0.016289991178938076
qwen3,B2,200,3,IGLB,0,0.0
qwen3,B2,200,4,Platt,0,-0.0007370189482267669
qwen3,B2,200,4,IGHB (alpha 0.003),7,0.002115071576497457
qwen3,B2,200,4,IGHB long (alpha 1e-4),172,0.031074190682137126
qwen3,B2,200,4,noise aware IGHB,35,0.0030518066299704827
qwen3,B2,200,4,holdout IGHB,24,0.010841669542652616
qwen3,B2,200,4,IGLB,0,0.0
qwen3,B2,200,5,Platt,0,-0.0011246906695431963
qwen3,B2,200,5,IGHB (alpha 0.003),6,0.0012871708288225425
qwen3,B2,200,5,IGHB long (alpha 1e-4),153,0.022960583015109143
qwen3,B2,200,5,noise aware IGHB,45,0.005769196375224148
qwen3,B2,200,5,holdout IGHB,34,0.013074980597117869
qwen3,B2,200,5,IGLB,0,0.0
qwen3,B2,200,6,Platt,0,-0.0005759152262090061
qwen3,B2,200,6,IGHB (alpha 0.003),7,0.0024383979048382964
qwen3,B2,200,6,IGHB long (alpha 1e-4),183,0.028701668850910966
qwen3,B2,200,6,noise aware IGHB,50,0.0016424416582868223
qwen3,B2,200,6,holdout IGHB,27,0.010109271738165115
qwen3,B2,200,6,IGLB,0,0.0
qwen3,B2,200,7,Platt,0,-0.0005003299926522597
qwen3,B2,200,7,IGHB (alpha 0.003),2,0.00010452675439544257
qwen3,B2,200,7,IGHB long (alpha 1e-4),181,0.027353095105685593
qwen3,B2,200,7,noise aware IGHB,66,0.0011940809786084444
qwen3,B2,200,7,holdout IGHB,19,0.005285690880032792
qwen3,B2,200,7,IGLB,0,0.0
qwen3,B2,200,8,Platt,0,-0.0007381359970336787
qwen3,B2,200,8,IGHB (alpha 0.003),6,-0.000745819052858393
qwen3,B2,200,8,IGHB long (alpha 1e-4),180,0.026505573241192848
qwen3,B2,200,8,noise aware IGHB,50,-0.0006362978075892256
qwen3,B2,200,8,holdout IGHB,16,0.010406551144311035
qwen3,B2,200,8,IGLB,0,0.0
qwen3,B2,200,9,Platt,0,-5.267189859833876e-05
qwen3,B2,200,9,IGHB (alpha 0.003),8,0.005706309663088813
qwen3,B2,200,9,IGHB long (alpha 1e-4),181,0.036142516473921193
qwen3,B2,200,9,noise aware IGHB,40,0.002077127327046041
qwen3,B2,200,9,holdout IGHB,21,0.005325943248424267
qwen3,B2,200,9,IGLB,1,0.004144240651466624
qwen3,B2,200,10,Platt,0,-0.0008721521271815996
qwen3,B2,200,10,IGHB (alpha 0.003),6,0.003505042750098844
qwen3,B2,200,10,IGHB long (alpha 1e-4),104,0.02491992578519972
qwen3,B2,200,10,noise aware IGHB,47,0.0027856578205770616
qwen3,B2,200,10,holdout IGHB,27,0.01614228084839861
qwen3,B2,200,10,IGLB,0,0.0
qwen3,B2,200,11,Platt,0,-0.0008146331865939577
qwen3,B2,200,11,IGHB (alpha 0.003),7,0.0021342936827276476
qwen3,B2,200,11,IGHB long (alpha 1e-4),161,0.034943216979008124
qwen3,B2,200,11,noise aware IGHB,47,0.0013130471792428822
qwen3,B2,200,11,holdout IGHB,23,0.017321150060752813
qwen3,B2,200,11,IGLB,0,0.0
qwen3,B2,200,12,Platt,0,-0.0006278298361048484
qwen3,B2,200,12,IGHB (alpha 0.003),9,0.0032206035996774907
qwen3,B2,200,12,IGHB long (alpha 1e-4),174,0.03340156065697572
qwen3,B2,200,12,noise aware IGHB,49,0.0010280277417276662
qwen3,B2,200,12,holdout IGHB,15,0.010521927467504702
qwen3,B2,200,12,IGLB,0,0.0
qwen3,B2,200,13,Platt,0,-0.0008044782332991968
qwen3,B2,200,13,IGHB (alpha 0.003),5,0.0006220752705108218
qwen3,B2,200,13,IGHB long (alpha 1e-4),138,0.02819053091428131
qwen3,B2,200,13,noise aware IGHB,54,0.0036216732779660588
qwen3,B2,200,13,holdout IGHB,43,0.013214185686478572
qwen3,B2,200,13,IGLB,0,0.0
qwen3,B2,200,14,Platt,0,-0.0008402319478227893
qwen3,B2,200,14,IGHB (alpha 0.003),5,0.0007229207723929154
qwen3,B2,200,14,IGHB long (alpha 1e-4),178,0.03627446642606286
qwen3,B2,200,14,noise aware IGHB,53,0.000976615915200471
qwen3,B2,200,14,holdout IGHB,26,0.00855587841508007
qwen3,B2,200,14,IGLB,0,0.0
qwen3,B2,200,15,Platt,0,-0.0006904170434934714
qwen3,B2,200,15,IGHB (alpha 0.003),8,0.004453947416412474
qwen3,B2,200,15,IGHB long (alpha 1e-4),173,0.03331787976291706
qwen3,B2,200,15,noise aware IGHB,53,0.0012152190613490266
qwen3,B2,200,15,holdout IGHB,19,0.00517700611803068
qwen3,B2,200,15,IGLB,0,0.0
qwen3,B2,200,16,Platt,0,-0.0006192911491297165
qwen3,B2,200,16,IGHB (alpha 0.003),7,0.002308225608268877
qwen3,B2,200,16,IGHB long (alpha 1e-4),130,0.028269260037296157
qwen3,B2,200,16,noise aware IGHB,39,0.0026667717911787042
qwen3,B2,200,16,holdout IGHB,27,0.011279665838994424
qwen3,B2,200,16,IGLB,0,0.0
qwen3,B2,200,17,Platt,0,-0.0006479804889915897
qwen3,B2,200,17,IGHB (alpha 0.003),3,-0.0006124407048908459
qwen3,B2,200,17,IGHB long (alpha 1e-4),149,0.036839502775495137
qwen3,B2,200,17,noise aware IGHB,78,0.0015269204919436674
qwen3,B2,200,17,holdout IGHB,27,0.011086836339549336
qwen3,B2,200,17,IGLB,0,0.0
qwen3,B2,200,18,Platt,0,-0.0004001379920569731
qwen3,B2,200,18,IGHB (alpha 0.003),4,0.0005020426914175841
qwen3,B2,200,18,IGHB long (alpha 1e-4),177,0.037697636658007544
qwen3,B2,200,18,noise aware IGHB,54,0.003989439857217114
qwen3,B2,200,18,holdout IGHB,19,0.004426122312824618
qwen3,B2,200,18,IGLB,0,0.0
qwen3,B2,200,19,Platt,0,-0.0007328736264531621
qwen3,B2,200,19,IGHB (alpha 0.003),7,0.0031126700829181564
qwen3,B2,200,19,IGHB long (alpha 1e-4),186,0.028847309434009483
qwen3,B2,200,19,noise aware IGHB,51,0.003425853819100752
qwen3,B2,200,19,holdout IGHB,31,0.011770551521795777
qwen3,B2,200,19,IGLB,0,0.0
qwen3,B2,211,0,Platt,0,-0.0005966590830836643
qwen3,B2,211,0,IGHB (alpha 0.003),7,0.002178952836124265
qwen3,B2,211,0,IGHB long (alpha 1e-4),140,0.026369627315153382
qwen3,B2,211,0,noise aware IGHB,53,0.0036442875329689983
qwen3,B2,211,0,holdout IGHB,31,0.01085751257292035
qwen3,B2,211,0,IGLB,0,0.0
gpt-oss,avg_prob,25,0,Platt,0,-0.05958258195225649
gpt-oss,avg_prob,25,0,IGHB (alpha 0.003),11,-0.18686918540211966
gpt-oss,avg_prob,25,0,IGHB long (alpha 1e-4),39,-0.15198127323507366
gpt-oss,avg_prob,25,0,noise aware IGHB,24,-0.16069721879802262
gpt-oss,avg_prob,25,0,holdout IGHB,36,-0.15369494199486325
gpt-oss,avg_prob,25,0,IGLB,2,-0.23040082984164528
gpt-oss,avg_prob,25,1,Platt,0,-0.07323555720710312
gpt-oss,avg_prob,25,1,IGHB (alpha 0.003),12,-0.20788470913826718
gpt-oss,avg_prob,25,1,IGHB long (alpha 1e-4),56,-0.1636763419523351
gpt-oss,avg_prob,25,1,noise aware IGHB,26,-0.18782975903061924
gpt-oss,avg_prob,25,1,holdout IGHB,30,-0.18319172177292928
gpt-oss,avg_prob,25,1,IGLB,1,-0.20950252629804134
gpt-oss,avg_prob,25,2,Platt,0,-0.07715937513400145
gpt-oss,avg_prob,25,2,IGHB (alpha 0.003),9,-0.21553954015773782
gpt-oss,avg_prob,25,2,IGHB long (alpha 1e-4),41,-0.19509088071368502
gpt-oss,avg_prob,25,2,noise aware IGHB,46,-0.17928524956656744
gpt-oss,avg_prob,25,2,holdout IGHB,50,-0.19843304396683792
gpt-oss,avg_prob,25,2,IGLB,2,-0.21713493836107295
gpt-oss,avg_prob,25,3,Platt,0,-0.06938594164931808
gpt-oss,avg_prob,25,3,IGHB (alpha 0.003),17,-0.19744330776931351
gpt-oss,avg_prob,25,3,IGHB long (alpha 1e-4),50,-0.179361868625605
gpt-oss,avg_prob,25,3,noise aware IGHB,52,-0.19987451992508198
gpt-oss,avg_prob,25,3,holdout IGHB,41,-0.2076489138391552
gpt-oss,avg_prob,25,3,IGLB,2,-0.21246352623259873
gpt-oss,avg_prob,25,4,Platt,0,-0.07465325016164759
gpt-oss,avg_prob,25,4,IGHB (alpha 0.003),15,-0.21594473220964458
gpt-oss,avg_prob,25,4,IGHB long (alpha 1e-4),42,-0.18374879609282135
gpt-oss,avg_prob,25,4,noise aware IGHB,8,-0.19780667051966705
gpt-oss,avg_prob,25,4,holdout IGHB,115,-0.19667657567537689
gpt-oss,avg_prob,25,4,IGLB,2,-0.2261012344615729
gpt-oss,avg_prob,25,5,Platt,0,-0.07689484864180884
gpt-oss,avg_prob,25,5,IGHB (alpha 0.003),13,-0.2160965185668922
gpt-oss,avg_prob,25,5,IGHB long (alpha 1e-4),31,-0.20779654240039297
gpt-oss,avg_prob,25,5,noise aware IGHB,9,-0.2026910421734598
gpt-oss,avg_prob,25,5,holdout IGHB,55,-0.21180295387515702
gpt-oss,avg_prob,25,5,IGLB,2,-0.21381850121476664
gpt-oss,avg_prob,25,6,Platt,0,-0.07667648822156573
gpt-oss,avg_prob,25,6,IGHB (alpha 0.003),14,-0.19441159457395218
gpt-oss,avg_prob,25,6,IGHB long (alpha 1e-4),29,-0.16695595195806162
gpt-oss,avg_prob,25,6,noise aware IGHB,33,-0.18563095314560474
gpt-oss,avg_prob,25,6,holdout IGHB,28,-0.1622953684907154
gpt-oss,avg_prob,25,6,IGLB,4,-0.19866025334507625
gpt-oss,avg_prob,25,7,Platt,0,-0.06253669185354177
gpt-oss,avg_prob,25,7,IGHB (alpha 0.003),12,-0.2131397100002792
gpt-oss,avg_prob,25,7,IGHB long (alpha 1e-4),31,-0.1915441108880477
gpt-oss,avg_prob,25,7,noise aware IGHB,110,-0.20269653194138887
gpt-oss,avg_prob,25,7,holdout IGHB,61,-0.20423707000134567
gpt-oss,avg_prob,25,7,IGLB,2,-0.22864697905030273
gpt-oss,avg_prob,25,8,Platt,0,-0.06055328940366281
gpt-oss,avg_prob,25,8,IGHB (alpha 0.003),15,-0.19370805277207231
gpt-oss,avg_prob,25,8,IGHB long (alpha 1e-4),47,-0.14304678193859285
gpt-oss,avg_prob,25,8,noise aware IGHB,18,-0.1642522416646513
gpt-oss,avg_prob,25,8,holdout IGHB,47,-0.11293633030919767
gpt-oss,avg_prob,25,8,IGLB,1,-0.20964603770257678
gpt-oss,avg_prob,25,9,Platt,0,-0.06767354217503854
gpt-oss,avg_prob,25,9,IGHB (alpha 0.003),23,-0.17855419110744175
gpt-oss,avg_prob,25,9,IGHB long (alpha 1e-4),35,-0.15226419837617833
gpt-oss,avg_prob,25,9,noise aware IGHB,21,-0.2063444334170642
gpt-oss,avg_prob,25,9,holdout IGHB,65,-0.16671067468357842
gpt-oss,avg_prob,25,9,IGLB,3,-0.18004261892810203
gpt-oss,avg_prob,25,10,Platt,0,-0.07641572616868719
gpt-oss,avg_prob,25,10,IGHB (alpha 0.003),13,-0.2098318613423397
gpt-oss,avg_prob,25,10,IGHB long (alpha 1e-4),36,-0.19155778080566407
gpt-oss,avg_prob,25,10,noise aware IGHB,10,-0.19370288987406625
gpt-oss,avg_prob,25,10,holdout IGHB,51,-0.21014924486125283
gpt-oss,avg_prob,25,10,IGLB,4,-0.21247564671909122
gpt-oss,avg_prob,25,11,Platt,0,-0.07324685988709037
gpt-oss,avg_prob,25,11,IGHB (alpha 0.003),14,-0.20162649974442912
gpt-oss,avg_prob,25,11,IGHB long (alpha 1e-4),34,-0.19532169084498563
gpt-oss,avg_prob,25,11,noise aware IGHB,31,-0.17349630665102217
gpt-oss,avg_prob,25,11,holdout IGHB,33,-0.18454023661145175
gpt-oss,avg_prob,25,11,IGLB,2,-0.21882700401807714
gpt-oss,avg_prob,25,12,Platt,0,-0.061357923206401266
gpt-oss,avg_prob,25,12,IGHB (alpha 0.003),19,-0.206941831432713
gpt-oss,avg_prob,25,12,IGHB long (alpha 1e-4),73,-0.1950139194135689
gpt-oss,avg_prob,25,12,noise aware IGHB,9,-0.20312174294610585
gpt-oss,avg_prob,25,12,holdout IGHB,49,-0.18156925843306304
gpt-oss,avg_prob,25,12,IGLB,3,-0.22180321283676996
gpt-oss,avg_prob,25,13,Platt,0,-0.07786759098296073
gpt-oss,avg_prob,25,13,IGHB (alpha 0.003),12,-0.19372570973278846
gpt-oss,avg_prob,25,13,IGHB long (alpha 1e-4),36,-0.17546224313676023
gpt-oss,avg_prob,25,13,noise aware IGHB,28,-0.1809130826907938
gpt-oss,avg_prob,25,13,holdout IGHB,32,-0.21934460873505154
gpt-oss,avg_prob,25,13,IGLB,1,-0.20478665492495857
gpt-oss,avg_prob,25,14,Platt,0,-0.07057165094285592
gpt-oss,avg_prob,25,14,IGHB (alpha 0.003),15,-0.16450280481619484
gpt-oss,avg_prob,25,14,IGHB long (alpha 1e-4),38,-0.1655015152124814
gpt-oss,avg_prob,25,14,noise aware IGHB,21,-0.1862470436602559
gpt-oss,avg_prob,25,14,holdout IGHB,65,-0.15935239938174894
gpt-oss,avg_prob,25,14,IGLB,1,-0.2096255088045856
gpt-oss,avg_prob,25,15,Platt,0,-0.07296289106705073
gpt-oss,avg_prob,25,15,IGHB (alpha 0.003),16,-0.22589032293940475
gpt-oss,avg_prob,25,15,IGHB long (alpha 1e-4),34,-0.22042041147868344
gpt-oss,avg_prob,25,15,noise aware IGHB,9,-0.20388065205720493
gpt-oss,avg_prob,25,15,holdout IGHB,60,-0.21662967080057272
gpt-oss,avg_prob,25,15,IGLB,2,-0.22067137972595993
gpt-oss,avg_prob,25,16,Platt,0,-0.039106200005527336
gpt-oss,avg_prob,25,16,IGHB (alpha 0.003),16,-0.19591619167951596
gpt-oss,avg_prob,25,16,IGHB long (alpha 1e-4),38,-0.16180110608922493
gpt-oss,avg_prob,25,16,noise aware IGHB,56,-0.20021416832223138
gpt-oss,avg_prob,25,16,holdout IGHB,33,-0.2042220669780395
gpt-oss,avg_prob,25,16,IGLB,1,-0.21028868611372378
gpt-oss,avg_prob,25,17,Platt,0,-0.06746331778601672
gpt-oss,avg_prob,25,17,IGHB (alpha 0.003),13,-0.2226049592438795
gpt-oss,avg_prob,25,17,IGHB long (alpha 1e-4),28,-0.2218931592879118
gpt-oss,avg_prob,25,17,noise aware IGHB,53,-0.1918252847794344
gpt-oss,avg_prob,25,17,holdout IGHB,39,-0.22112296206075288
gpt-oss,avg_prob,25,17,IGLB,2,-0.22744262597761955
gpt-oss,avg_prob,25,18,Platt,0,-0.073510531481074
gpt-oss,avg_prob,25,18,IGHB (alpha 0.003),12,-0.21183830526806732
gpt-oss,avg_prob,25,18,IGHB long (alpha 1e-4),24,-0.2082576277670192
gpt-oss,avg_prob,25,18,noise aware IGHB,34,-0.19701848465158397
gpt-oss,avg_prob,25,18,holdout IGHB,66,-0.17577326318919753
gpt-oss,avg_prob,25,18,IGLB,2,-0.2211789595916036
gpt-oss,avg_prob,25,19,Platt,0,-0.07699957935410834
gpt-oss,avg_prob,25,19,IGHB (alpha 0.003),12,-0.21108064015241262
gpt-oss,avg_prob,25,19,IGHB long (alpha 1e-4),38,-0.16939400951755376
gpt-oss,avg_prob,25,19,noise aware IGHB,47,-0.1888660088067634
gpt-oss,avg_prob,25,19,holdout IGHB,37,-0.1684137195496809
gpt-oss,avg_prob,25,19,IGLB,4,-0.2183693354388086
gpt-oss,avg_prob,50,0,Platt,0,-0.07679360745905928
gpt-oss,avg_prob,50,0,IGHB (alpha 0.003),12,-0.20783746489192462
gpt-oss,avg_prob,50,0,IGHB long (alpha 1e-4),41,-0.201249498111065
gpt-oss,avg_prob,50,0,noise aware IGHB,65,-0.20687630832890602
gpt-oss,avg_prob,50,0,holdout IGHB,72,-0.19933984694068446
gpt-oss,avg_prob,50,0,IGLB,2,-0.22698342254594697
gpt-oss,avg_prob,50,1,Platt,0,-0.07769932050346484
gpt-oss,avg_prob,50,1,IGHB (alpha 0.003),16,-0.2081942277158647
gpt-oss,avg_prob,50,1,IGHB long (alpha 1e-4),79,-0.18700157157312547
gpt-oss,avg_prob,50,1,noise aware IGHB,12,-0.20616053136821183
gpt-oss,avg_prob,50,1,holdout IGHB,41,-0.20673377235910062
gpt-oss,avg_prob,50,1,IGLB,2,-0.22680008430539383
gpt-oss,avg_prob,50,2,Platt,0,-0.0753635206491437
gpt-oss,avg_prob,50,2,IGHB (alpha 0.003),13,-0.20911055543591878
gpt-oss,avg_prob,50,2,IGHB long (alpha 1e-4),52,-0.20326782711190572
gpt-oss,avg_prob,50,2,noise aware IGHB,8,-0.20020827576890993
gpt-oss,avg_prob,50,2,holdout IGHB,34,-0.20160006373326073
gpt-oss,avg_prob,50,2,IGLB,2,-0.22505083033062032
gpt-oss,avg_prob,50,3,Platt,0,-0.0752917505947728
gpt-oss,avg_prob,50,3,IGHB (alpha 0.003),16,-0.22282856062000117
gpt-oss,avg_prob,50,3,IGHB long (alpha 1e-4),25,-0.22116725456572678
gpt-oss,avg_prob,50,3,noise aware IGHB,74,-0.20664300871051722
gpt-oss,avg_prob,50,3,holdout IGHB,60,-0.21330659274055422
gpt-oss,avg_prob,50,3,IGLB,3,-0.23345352921255633
gpt-oss,avg_prob,50,4,Platt,0,-0.07515393320773181
gpt-oss,avg_prob,50,4,IGHB (alpha 0.003),11,-0.22090929052486175
gpt-oss,avg_prob,50,4,IGHB long (alpha 1e-4),28,-0.20850445362893483
gpt-oss,avg_prob,50,4,noise aware IGHB,51,-0.207208720760885
gpt-oss,avg_prob,50,4,holdout IGHB,42,-0.2204215338514856
gpt-oss,avg_prob,50,4,IGLB,2,-0.2259453430548418
gpt-oss,avg_prob,50,5,Platt,0,-0.07226281668592638
gpt-oss,avg_prob,50,5,IGHB (alpha 0.003),18,-0.2086498729874574
gpt-oss,avg_prob,50,5,IGHB long (alpha 1e-4),56,-0.19009296408858167
gpt-oss,avg_prob,50,5,noise aware IGHB,49,-0.1951789768563345
gpt-oss,avg_prob,50,5,holdout IGHB,60,-0.21082356381295558
gpt-oss,avg_prob,50,5,IGLB,4,-0.23444772781877665
gpt-oss,avg_prob,50,6,Platt,0,-0.07812102472635812
gpt-oss,avg_prob,50,6,IGHB (alpha 0.003),14,-0.22672012469608838
gpt-oss,avg_prob,50,6,IGHB long (alpha 1e-4),47,-0.21756393513610497
gpt-oss,avg_prob,50,6,noise aware IGHB,12,-0.2135914851452984
gpt-oss,avg_prob,50,6,holdout IGHB,59,-0.22344171831865664
gpt-oss,avg_prob,50,6,IGLB,3,-0.23287952523460279
gpt-oss,avg_prob,50,7,Platt,0,-0.07808816862684004
gpt-oss,avg_prob,50,7,IGHB (alpha 0.003),12,-0.21397528676955838
gpt-oss,avg_prob,50,7,IGHB long (alpha 1e-4),42,-0.19960944955209728
gpt-oss,avg_prob,50,7,noise aware IGHB,51,-0.21118653206820026
gpt-oss,avg_prob,50,7,holdout IGHB,54,-0.20167839780311736
gpt-oss,avg_prob,50,7,IGLB,3,-0.22339017458766808
gpt-oss,avg_prob,50,8,Platt,0,-0.07319974633856557
gpt-oss,avg_prob,50,8,IGHB (alpha 0.003),13,-0.2179076416414533
gpt-oss,avg_prob,50,8,IGHB long (alpha 1e-4),52,-0.20907025436502577
gpt-oss,avg_prob,50,8,noise aware IGHB,47,-0.1967994001519156
gpt-oss,avg_prob,50,8,holdout IGHB,37,-0.19446958534838069
gpt-oss,avg_prob,50,8,IGLB,1,-0.21028871426345028
gpt-oss,avg_prob,50,9,Platt,0,-0.07766223359591082
gpt-oss,avg_prob,50,9,IGHB (alpha 0.003),13,-0.21875755325001073
gpt-oss,avg_prob,50,9,IGHB long (alpha 1e-4),60,-0.20180304162427504
gpt-oss,avg_prob,50,9,noise aware IGHB,70,-0.2030604245765878
gpt-oss,avg_prob,50,9,holdout IGHB,51,-0.20246123818030784
gpt-oss,avg_prob,50,9,IGLB,4,-0.21316819123844294
gpt-oss,avg_prob,50,10,Platt,0,-0.07184105011448405
gpt-oss,avg_prob,50,10,IGHB (alpha 0.003),13,-0.2254452474618045
gpt-oss,avg_prob,50,10,IGHB long (alpha 1e-4),46,-0.2036870609365442
gpt-oss,avg_prob,50,10,noise aware IGHB,9,-0.20913060109942036
gpt-oss,avg_prob,50,10,holdout IGHB,42,-0.22448686925915182
gpt-oss,avg_prob,50,10,IGLB,2,-0.22301757271087413
gpt-oss,avg_prob,50,11,Platt,0,-0.07763631610675722
gpt-oss,avg_prob,50,11,IGHB (alpha 0.003),13,-0.19985704550248962
gpt-oss,avg_prob,50,11,IGHB long (alpha 1e-4),41,-0.1933296189984584
gpt-oss,avg_prob,50,11,noise aware IGHB,9,-0.20377185698404138
gpt-oss,avg_prob,50,11,holdout IGHB,34,-0.1936078094031636
gpt-oss,avg_prob,50,11,IGLB,2,-0.21224952869797412
gpt-oss,avg_prob,50,12,Platt,0,-0.07633892980498777
gpt-oss,avg_prob,50,12,IGHB (alpha 0.003),17,-0.2181036786610015
gpt-oss,avg_prob,50,12,IGHB long (alpha 1e-4),45,-0.20938053576470272
gpt-oss,avg_prob,50,12,noise aware IGHB,91,-0.2118907880287744
gpt-oss,avg_prob,50,12,holdout IGHB,42,-0.21397993906463253
gpt-oss,avg_prob,50,12,IGLB,2,-0.22978719779732915
gpt-oss,avg_prob,50,13,Platt,0,-0.06917057255366713
gpt-oss,avg_prob,50,13,IGHB (alpha 0.003),14,-0.2161135023801587
gpt-oss,avg_prob,50,13,IGHB long (alpha 1e-4),45,-0.20435813350395296
gpt-oss,avg_prob,50,13,noise aware IGHB,53,-0.20567960143560865
gpt-oss,avg_prob,50,13,holdout IGHB,48,-0.21737954214145144
gpt-oss,avg_prob,50,13,IGLB,2,-0.23074954468889963
gpt-oss,avg_prob,50,14,Platt,0,-0.07205927340105345
gpt-oss,avg_prob,50,14,IGHB (alpha 0.003),16,-0.2126647807509307
gpt-oss,avg_prob,50,14,IGHB long (alpha 1e-4),67,-0.1732412975918986
gpt-oss,avg_prob,50,14,noise aware IGHB,72,-0.21158626695902802
gpt-oss,avg_prob,50,14,holdout IGHB,43,-0.1844844673493948
gpt-oss,avg_prob,50,14,IGLB,4,-0.2260747078893055
gpt-oss,avg_prob,50,15,Platt,0,-0.07478584808993313
gpt-oss,avg_prob,50,15,IGHB (alpha 0.003),12,-0.21974993004285517
gpt-oss,avg_prob,50,15,IGHB long (alpha 1e-4),54,-0.1897572386872482
gpt-oss,avg_prob,50,15,noise aware IGHB,61,-0.21366674558171694
gpt-oss,avg_prob,50,15,holdout IGHB,64,-0.19191441433780726
gpt-oss,avg_prob,50,15,IGLB,3,-0.2259192620936986
gpt-oss,avg_prob,50,16,Platt,0,-0.0762539335349694
gpt-oss,avg_prob,50,16,IGHB (alpha 0.003),15,-0.22571943244353204
gpt-oss,avg_prob,50,16,IGHB long (alpha 1e-4),53,-0.20322851505668743
gpt-oss,avg_prob,50,16,noise aware IGHB,99,-0.20298293671944923
gpt-oss,avg_prob,50,16,holdout IGHB,35,-0.21167661133737642
gpt-oss,avg_prob,50,16,IGLB,5,-0.22403508084665447
gpt-oss,avg_prob,50,17,Platt,0,-0.06308704826739148
gpt-oss,avg_prob,50,17,IGHB (alpha 0.003),15,-0.2248593697813857
gpt-oss,avg_prob,50,17,IGHB long (alpha 1e-4),49,-0.1970980101210641
gpt-oss,avg_prob,50,17,noise aware IGHB,21,-0.21877784244645976
gpt-oss,avg_prob,50,17,holdout IGHB,68,-0.18245671726902923
gpt-oss,avg_prob,50,17,IGLB,3,-0.23032134689446535
gpt-oss,avg_prob,50,18,Platt,0,-0.06999576338972824
gpt-oss,avg_prob,50,18,IGHB (alpha 0.003),14,-0.2277833779354856
gpt-oss,avg_prob,50,18,IGHB long (alpha 1e-4),68,-0.20917231500905015
gpt-oss,avg_prob,50,18,noise aware IGHB,60,-0.21423862585697417
gpt-oss,avg_prob,50,18,holdout IGHB,34,-0.2126931604349568
gpt-oss,avg_prob,50,18,IGLB,2,-0.22749981195488025
gpt-oss,avg_prob,50,19,Platt,0,-0.07407457846100166
gpt-oss,avg_prob,50,19,IGHB (alpha 0.003),13,-0.2124158441854235
gpt-oss,avg_prob,50,19,IGHB long (alpha 1e-4),46,-0.20122056604749408
gpt-oss,avg_prob,50,19,noise aware IGHB,40,-0.2107522340929569
gpt-oss,avg_prob,50,19,holdout IGHB,41,-0.20170140520702434
gpt-oss,avg_prob,50,19,IGLB,3,-0.23232054488610293
gpt-oss,avg_prob,100,0,Platt,0,-0.07723027798231619
gpt-oss,avg_prob,100,0,IGHB (alpha 0.003),12,-0.22821592055352255
gpt-oss,avg_prob,100,0,IGHB long (alpha 1e-4),61,-0.2183450933795472
gpt-oss,avg_prob,100,0,noise aware IGHB,14,-0.22767578875720468
gpt-oss,avg_prob,100,0,holdout IGHB,73,-0.2229486503250946
gpt-oss,avg_prob,100,0,IGLB,3,-0.2315122195261176
gpt-oss,avg_prob,100,1,Platt,0,-0.07596162800607639
gpt-oss,avg_prob,100,1,IGHB (alpha 0.003),15,-0.22826852001659206
gpt-oss,avg_prob,100,1,IGHB long (alpha 1e-4),40,-0.22378818385741944
gpt-oss,avg_prob,100,1,noise aware IGHB,14,-0.22298425938500996
gpt-oss,avg_prob,100,1,holdout IGHB,46,-0.21933002343928834
gpt-oss,avg_prob,100,1,IGLB,2,-0.22762858482744525
gpt-oss,avg_prob,100,2,Platt,0,-0.07332606546943166
gpt-oss,avg_prob,100,2,IGHB (alpha 0.003),13,-0.23066397127365268
gpt-oss,avg_prob,100,2,IGHB long (alpha 1e-4),36,-0.2298578412001102
gpt-oss,avg_prob,100,2,noise aware IGHB,15,-0.2268616945152908
gpt-oss,avg_prob,100,2,holdout IGHB,48,-0.2276929893022607
gpt-oss,avg_prob,100,2,IGLB,3,-0.23262793335613796
gpt-oss,avg_prob,100,3,Platt,0,-0.07704632722719543
gpt-oss,avg_prob,100,3,IGHB (alpha 0.003),19,-0.22880693872207225
gpt-oss,avg_prob,100,3,IGHB long (alpha 1e-4),56,-0.21620336530227172
gpt-oss,avg_prob,100,3,noise aware IGHB,17,-0.22461300621224184
gpt-oss,avg_prob,100,3,holdout IGHB,39,-0.22189312029719938
gpt-oss,avg_prob,100,3,IGLB,3,-0.23120561032785178
gpt-oss,avg_prob,100,4,Platt,0,-0.07311153768751066
gpt-oss,avg_prob,100,4,IGHB (alpha 0.003),16,-0.21716797925143674
gpt-oss,avg_prob,100,4,IGHB long (alpha 1e-4),77,-0.20710548305763143
gpt-oss,avg_prob,100,4,noise aware IGHB,14,-0.22143633525915146
gpt-oss,avg_prob,100,4,holdout IGHB,58,-0.21118151032689803
gpt-oss,avg_prob,100,4,IGLB,3,-0.23295729932470152
gpt-oss,avg_prob,100,5,Platt,0,-0.07587089479199838
gpt-oss,avg_prob,100,5,IGHB (alpha 0.003),14,-0.22829899838558484
gpt-oss,avg_prob,100,5,IGHB long (alpha 1e-4),59,-0.2197321423994702
gpt-oss,avg_prob,100,5,noise aware IGHB,15,-0.22486250060401078
gpt-oss,avg_prob,100,5,holdout IGHB,45,-0.22204224752015075
gpt-oss,avg_prob,100,5,IGLB,3,-0.23384668377988263
gpt-oss,avg_prob,100,6,Platt,0,-0.07356157809766703
gpt-oss,avg_prob,100,6,IGHB (alpha 0.003),11,-0.22587122346232877
gpt-oss,avg_prob,100,6,IGHB long (alpha 1e-4),57,-0.21999067283877752
gpt-oss,avg_prob,100,6,noise aware IGHB,38,-0.22882020843545214
gpt-oss,avg_prob,100,6,holdout IGHB,55,-0.21682482874515915
gpt-oss,avg_prob,100,6,IGLB,3,-0.22923389402505623
gpt-oss,avg_prob,100,7,Platt,0,-0.07614275888533883
gpt-oss,avg_prob,100,7,IGHB (alpha 0.003),16,-0.22923408504386675
gpt-oss,avg_prob,100,7,IGHB long (alpha 1e-4),41,-0.22176327111428512
gpt-oss,avg_prob,100,7,noise aware IGHB,12,-0.22068649824610254
gpt-oss,avg_prob,100,7,holdout IGHB,64,-0.22619867789564835
gpt-oss,avg_prob,100,7,IGLB,2,-0.22695963606911235
gpt-oss,avg_prob,100,8,Platt,0,-0.07548837595483279
gpt-oss,avg_prob,100,8,IGHB (alpha 0.003),12,-0.22954840920845365
gpt-oss,avg_prob,100,8,IGHB long (alpha 1e-4),54,-0.22786804214100473
gpt-oss,avg_prob,100,8,noise aware IGHB,12,-0.22662630404240844
gpt-oss,avg_prob,100,8,holdout IGHB,80,-0.22565256681980145
gpt-oss,avg_prob,100,8,IGLB,4,-0.23251772937942775
gpt-oss,avg_prob,100,9,Platt,0,-0.07767253969327362
gpt-oss,avg_prob,100,9,IGHB (alpha 0.003),11,-0.22716544891649865
gpt-oss,avg_prob,100,9,IGHB long (alpha 1e-4),49,-0.22086757993297074
gpt-oss,avg_prob,100,9,noise aware IGHB,10,-0.22068826167771627
gpt-oss,avg_prob,100,9,holdout IGHB,39,-0.23091959399012763
gpt-oss,avg_prob,100,9,IGLB,2,-0.22608988496942456
gpt-oss,avg_prob,100,10,Platt,0,-0.0768432411782474
gpt-oss,avg_prob,100,10,IGHB (alpha 0.003),13,-0.22613946191869308
gpt-oss,avg_prob,100,10,IGHB long (alpha 1e-4),43,-0.22448605176727743
gpt-oss,avg_prob,100,10,noise aware IGHB,38,-0.22567472927696342
gpt-oss,avg_prob,100,10,holdout IGHB,74,-0.21901269287609298
gpt-oss,avg_prob,100,10,IGLB,2,-0.2274062934782376
gpt-oss,avg_prob,100,11,Platt,0,-0.07783808544536433
gpt-oss,avg_prob,100,11,IGHB (alpha 0.003),14,-0.22701565148597663
gpt-oss,avg_prob,100,11,IGHB long (alpha 1e-4),47,-0.22514484724108833
gpt-oss,avg_prob,100,11,noise aware IGHB,14,-0.2207067296415117
gpt-oss,avg_prob,100,11,holdout IGHB,58,-0.22824448519657653
gpt-oss,avg_prob,100,11,IGLB,3,-0.23199128072029962
gpt-oss,avg_prob,100,12,Platt,0,-0.07697062429899229
gpt-oss,avg_prob,100,12,IGHB (alpha 0.003),15,-0.2256315309767744
gpt-oss,avg_prob,100,12,IGHB long (alpha 1e-4),39,-0.2204124603224487
gpt-oss,avg_prob,100,12,noise aware IGHB,102,-0.2259785025573288
gpt-oss,avg_prob,100,12,holdout IGHB,56,-0.21867251089314904
gpt-oss,avg_prob,100,12,IGLB,4,-0.22678446224928336
gpt-oss,avg_prob,100,13,Platt,0,-0.07368885415563053
gpt-oss,avg_prob,100,13,IGHB (alpha 0.003),11,-0.22335804241731508
gpt-oss,avg_prob,100,13,IGHB long (alpha 1e-4),68,-0.211775642058901
gpt-oss,avg_prob,100,13,noise aware IGHB,10,-0.21589161218131797
gpt-oss,avg_prob,100,13,holdout IGHB,38,-0.21015613009669226
gpt-oss,avg_prob,100,13,IGLB,2,-0.22634667523723606
gpt-oss,avg_prob,100,14,Platt,0,-0.07720872447137647
gpt-oss,avg_prob,100,14,IGHB (alpha 0.003),12,-0.22953694797356855
gpt-oss,avg_prob,100,14,IGHB long (alpha 1e-4),82,-0.21146115658806292
gpt-oss,avg_prob,100,14,noise aware IGHB,11,-0.22072223249499076
gpt-oss,avg_prob,100,14,holdout IGHB,42,-0.2211203634158458
gpt-oss,avg_prob,100,14,IGLB,1,-0.21029318196682206
gpt-oss,avg_prob,100,15,Platt,0,-0.0733202159972643
gpt-oss,avg_prob,100,15,IGHB (alpha 0.003),12,-0.2286121424479764
gpt-oss,avg_prob,100,15,IGHB long (alpha 1e-4),33,-0.2168324015231611
gpt-oss,avg_prob,100,15,noise aware IGHB,14,-0.22661388304846847
gpt-oss,avg_prob,100,15,holdout IGHB,40,-0.22512639591831354
gpt-oss,avg_prob,100,15,IGLB,3,-0.23094969852133287
gpt-oss,avg_prob,100,16,Platt,0,-0.07192585611869681
gpt-oss,avg_prob,100,16,IGHB (alpha 0.003),13,-0.22585540428400583
gpt-oss,avg_prob,100,16,IGHB long (alpha 1e-4),43,-0.21315704820197326
gpt-oss,avg_prob,100,16,noise aware IGHB,68,-0.22720001756407235
gpt-oss,avg_prob,100,16,holdout IGHB,54,-0.21648241099455728
gpt-oss,avg_prob,100,16,IGLB,2,-0.2304446757066535
gpt-oss,avg_prob,100,17,Platt,0,-0.07793478120229971
gpt-oss,avg_prob,100,17,IGHB (alpha 0.003),14,-0.2286995042839184
gpt-oss,avg_prob,100,17,IGHB long (alpha 1e-4),39,-0.22527601345236306
gpt-oss,avg_prob,100,17,noise aware IGHB,14,-0.22270354193986258
gpt-oss,avg_prob,100,17,holdout IGHB,61,-0.22634168683317715
gpt-oss,avg_prob,100,17,IGLB,2,-0.2267485370349115
gpt-oss,avg_prob,100,18,Platt,0,-0.07644056656947823
gpt-oss,avg_prob,100,18,IGHB (alpha 0.003),16,-0.22618825879159932
gpt-oss,avg_prob,100,18,IGHB long (alpha 1e-4),78,-0.2175843175029333
gpt-oss,avg_prob,100,18,noise aware IGHB,13,-0.22202100505879474
gpt-oss,avg_prob,100,18,holdout IGHB,43,-0.2258856801882329
gpt-oss,avg_prob,100,18,IGLB,3,-0.2289199064031484
gpt-oss,avg_prob,100,19,Platt,0,-0.07727487431489186
gpt-oss,avg_prob,100,19,IGHB (alpha 0.003),13,-0.23029698653716713
gpt-oss,avg_prob,100,19,IGHB long (alpha 1e-4),48,-0.21327815252875326
gpt-oss,avg_prob,100,19,noise aware IGHB,13,-0.22790147280469017
gpt-oss,avg_prob,100,19,holdout IGHB,73,-0.2193596124492871
gpt-oss,avg_prob,100,19,IGLB,2,-0.23079776729759743
gpt-oss,avg_prob,200,0,Platt,0,-0.07697384091789336
gpt-oss,avg_prob,200,0,IGHB (alpha 0.003),13,-0.2289146994948947
gpt-oss,avg_prob,200,0,IGHB long (alpha 1e-4),45,-0.22867311944764898
gpt-oss,avg_prob,200,0,noise aware IGHB,300,-0.22841015617393848
gpt-oss,avg_prob,200,0,holdout IGHB,77,-0.22623412201022658
gpt-oss,avg_prob,200,0,IGLB,4,-0.23641280791369185
gpt-oss,avg_prob,200,1,Platt,0,-0.07716451233311766
gpt-oss,avg_prob,200,1,IGHB (alpha 0.003),13,-0.22888932581325575
gpt-oss,avg_prob,200,1,IGHB long (alpha 1e-4),56,-0.22461311055076869
gpt-oss,avg_prob,200,1,noise aware IGHB,300,-0.22823515707647957
gpt-oss,avg_prob,200,1,holdout IGHB,44,-0.2309425019344235
gpt-oss,avg_prob,200,1,IGLB,4,-0.23476879851843027
gpt-oss,avg_prob,200,2,Platt,0,-0.07716988002632824
gpt-oss,avg_prob,200,2,IGHB (alpha 0.003),12,-0.22946709517858427
gpt-oss,avg_prob,200,2,IGHB long (alpha 1e-4),48,-0.22577713092819984
gpt-oss,avg_prob,200,2,noise aware IGHB,300,-0.2293199092386139
gpt-oss,avg_prob,200,2,holdout IGHB,51,-0.2339155987164717
gpt-oss,avg_prob,200,2,IGLB,4,-0.23579028614627362
gpt-oss,avg_prob,200,3,Platt,0,-0.07665582698052206
gpt-oss,avg_prob,200,3,IGHB (alpha 0.003),12,-0.22955094572728174
gpt-oss,avg_prob,200,3,IGHB long (alpha 1e-4),38,-0.2281106540697665
gpt-oss,avg_prob,200,3,noise aware IGHB,266,-0.22917367547171807
gpt-oss,avg_prob,200,3,holdout IGHB,66,-0.22723156589752508
gpt-oss,avg_prob,200,3,IGLB,2,-0.2274057192963067
gpt-oss,avg_prob,200,4,Platt,0,-0.07725529740687032
gpt-oss,avg_prob,200,4,IGHB (alpha 0.003),15,-0.22900602130534348
gpt-oss,avg_prob,200,4,IGHB long (alpha 1e-4),57,-0.22311852746435518
gpt-oss,avg_prob,200,4,noise aware IGHB,17,-0.2257807835779298
gpt-oss,avg_prob,200,4,holdout IGHB,62,-0.22796129632872497
gpt-oss,avg_prob,200,4,IGLB,3,-0.23393844780801237
gpt-oss,avg_prob,200,5,Platt,0,-0.07736212033979292
gpt-oss,avg_prob,200,5,IGHB (alpha 0.003),13,-0.22861252205007265
gpt-oss,avg_prob,200,5,IGHB long (alpha 1e-4),42,-0.22755782146725653
gpt-oss,avg_prob,200,5,noise aware IGHB,18,-0.22614181313998774
gpt-oss,avg_prob,200,5,holdout IGHB,76,-0.225179803532164
gpt-oss,avg_prob,200,5,IGLB,3,-0.23404055449937014
gpt-oss,avg_prob,200,6,Platt,0,-0.07629173780023857
gpt-oss,avg_prob,200,6,IGHB (alpha 0.003),13,-0.2298793241484995
gpt-oss,avg_prob,200,6,IGHB long (alpha 1e-4),55,-0.2283352830638094
gpt-oss,avg_prob,200,6,noise aware IGHB,300,-0.22952023819682343
gpt-oss,avg_prob,200,6,holdout IGHB,52,-0.22747706797435835
gpt-oss,avg_prob,200,6,IGLB,4,-0.2366881546260576
gpt-oss,avg_prob,200,7,Platt,0,-0.07655979536320673
gpt-oss,avg_prob,200,7,IGHB (alpha 0.003),13,-0.22988209293063583
gpt-oss,avg_prob,200,7,IGHB long (alpha 1e-4),54,-0.22432539393286724
gpt-oss,avg_prob,200,7,noise aware IGHB,300,-0.22796411206586395
gpt-oss,avg_prob,200,7,holdout IGHB,59,-0.228810748990926
gpt-oss,avg_prob,200,7,IGLB,4,-0.23598884166243472
gpt-oss,avg_prob,200,8,Platt,0,-0.07683050247144926
gpt-oss,avg_prob,200,8,IGHB (alpha 0.003),13,-0.22988416580261029
gpt-oss,avg_prob,200,8,IGHB long (alpha 1e-4),51,-0.22735748513309664
gpt-oss,avg_prob,200,8,noise aware IGHB,300,-0.2293311067526977
gpt-oss,avg_prob,200,8,holdout IGHB,76,-0.22436069577560652
gpt-oss,avg_prob,200,8,IGLB,3,-0.233526234486726
gpt-oss,avg_prob,200,9,Platt,0,-0.07708613605996817
gpt-oss,avg_prob,200,9,IGHB (alpha 0.003),12,-0.22815659185468878
gpt-oss,avg_prob,200,9,IGHB long (alpha 1e-4),71,-0.2246474151558167
gpt-oss,avg_prob,200,9,noise aware IGHB,213,-0.2278512661980853
gpt-oss,avg_prob,200,9,holdout IGHB,52,-0.227384991486553
gpt-oss,avg_prob,200,9,IGLB,3,-0.23360357926301864
gpt-oss,avg_prob,200,10,Platt,0,-0.07703072630682634
gpt-oss,avg_prob,200,10,IGHB (alpha 0.003),15,-0.22869484612660942
gpt-oss,avg_prob,200,10,IGHB long (alpha 1e-4),42,-0.22836936576467876
gpt-oss,avg_prob,200,10,noise aware IGHB,300,-0.2288242580476113
gpt-oss,avg_prob,200,10,holdout IGHB,50,-0.23107483109910937
gpt-oss,avg_prob,200,10,IGLB,4,-0.2357190582526366
gpt-oss,avg_prob,200,11,Platt,0,-0.07663904830013735
gpt-oss,avg_prob,200,11,IGHB (alpha 0.003),13,-0.23002656554790213
gpt-oss,avg_prob,200,11,IGHB long (alpha 1e-4),53,-0.22095867156058405
gpt-oss,avg_prob,200,11,noise aware IGHB,300,-0.229056393796796
gpt-oss,avg_prob,200,11,holdout IGHB,40,-0.2293805476943797
gpt-oss,avg_prob,200,11,IGLB,4,-0.23588259330777625
gpt-oss,avg_prob,200,12,Platt,0,-0.07689612291526685
gpt-oss,avg_prob,200,12,IGHB (alpha 0.003),13,-0.22896278825416147
gpt-oss,avg_prob,200,12,IGHB long (alpha 1e-4),41,-0.2300784020647666
gpt-oss,avg_prob,200,12,noise aware IGHB,300,-0.22838720610085136
gpt-oss,avg_prob,200,12,holdout IGHB,41,-0.22796237848983766
gpt-oss,avg_prob,200,12,IGLB,3,-0.2325220666010628
gpt-oss,avg_prob,200,13,Platt,0,-0.07668777781704642
gpt-oss,avg_prob,200,13,IGHB (alpha 0.003),13,-0.2289928697091686
gpt-oss,avg_prob,200,13,IGHB long (alpha 1e-4),49,-0.2258801546683437
gpt-oss,avg_prob,200,13,noise aware IGHB,300,-0.22865791329379573
gpt-oss,avg_prob,200,13,holdout IGHB,37,-0.22725507556362237
gpt-oss,avg_prob,200,13,IGLB,4,-0.23322760663089226
gpt-oss,avg_prob,200,14,Platt,0,-0.07705194612319857
gpt-oss,avg_prob,200,14,IGHB (alpha 0.003),12,-0.22832179557664412
gpt-oss,avg_prob,200,14,IGHB long (alpha 1e-4),63,-0.22642550281862536
gpt-oss,avg_prob,200,14,noise aware IGHB,300,-0.2285506580527233
gpt-oss,avg_prob,200,14,holdout IGHB,70,-0.23066559333414816
gpt-oss,avg_prob,200,14,IGLB,4,-0.23580683945551428
gpt-oss,avg_prob,200,15,Platt,0,-0.07770985767469138
gpt-oss,avg_prob,200,15,IGHB (alpha 0.003),12,-0.2278652934512315
gpt-oss,avg_prob,200,15,IGHB long (alpha 1e-4),50,-0.22658011981071485
gpt-oss,avg_prob,200,15,noise aware IGHB,300,-0.22844045431850127
gpt-oss,avg_prob,200,15,holdout IGHB,57,-0.22156290363646633
gpt-oss,avg_prob,200,15,IGLB,3,-0.23406399554082144
gpt-oss,avg_prob,200,16,Platt,0,-0.07694693133222538
gpt-oss,avg_prob,200,16,IGHB (alpha 0.003),13,-0.22993656047611677
gpt-oss,avg_prob,200,16,IGHB long (alpha 1e-4),48,-0.22469170842869407
gpt-oss,avg_prob,200,16,noise aware IGHB,300,-0.22817255385928653
gpt-oss,avg_prob,200,16,holdout IGHB,54,-0.2297792756831424
gpt-oss,avg_prob,200,16,IGLB,3,-0.23231868984364532
gpt-oss,avg_prob,200,17,Platt,0,-0.07699199472122717
gpt-oss,avg_prob,200,17,IGHB (alpha 0.003),12,-0.2281675792168589
gpt-oss,avg_prob,200,17,IGHB long (alpha 1e-4),52,-0.221720903601381
gpt-oss,avg_prob,200,17,noise aware IGHB,300,-0.22778667867846988
gpt-oss,avg_prob,200,17,holdout IGHB,49,-0.22675081647751932
gpt-oss,avg_prob,200,17,IGLB,3,-0.23370549348658368
gpt-oss,avg_prob,200,18,Platt,0,-0.07700637649303468
gpt-oss,avg_prob,200,18,IGHB (alpha 0.003),14,-0.22937856210679375
gpt-oss,avg_prob,200,18,IGHB long (alpha 1e-4),55,-0.22249591827241239
gpt-oss,avg_prob,200,18,noise aware IGHB,17,-0.22540573093688387
gpt-oss,avg_prob,200,18,holdout IGHB,50,-0.22650562225432364
gpt-oss,avg_prob,200,18,IGLB,3,-0.2326269577438876
gpt-oss,avg_prob,200,19,Platt,0,-0.07786474314968425
gpt-oss,avg_prob,200,19,IGHB (alpha 0.003),14,-0.22957388900966236
gpt-oss,avg_prob,200,19,IGHB long (alpha 1e-4),50,-0.22569431183360575
gpt-oss,avg_prob,200,19,noise aware IGHB,17,-0.22596904032418624
gpt-oss,avg_prob,200,19,holdout IGHB,53,-0.2263664607467643
gpt-oss,avg_prob,200,19,IGLB,7,-0.22886790201510449
gpt-oss,avg_prob,211,0,Platt,0,-0.07709977311461297
gpt-oss,avg_prob,211,0,IGHB (alpha 0.003),13,-0.2299499079570358
gpt-oss,avg_prob,211,0,IGHB long (alpha 1e-4),54,-0.22613564010566115
gpt-oss,avg_prob,211,0,noise aware IGHB,300,-0.22933843430908174
gpt-oss,avg_prob,211,0,holdout IGHB,83,-0.2240400237972775
gpt-oss,avg_prob,211,0,IGLB,3,-0.23389608122676248
gpt-oss,B2,25,0,Platt,0,-0.0009156329629625114
gpt-oss,B2,25,0,IGHB (alpha 0.003),3,0.0019873389142380654
gpt-oss,B2,25,0,IGHB long (alpha 1e-4),26,0.03181212163396299
gpt-oss,B2,25,0,noise aware IGHB,16,1.1094080306452148e-05
gpt-oss,B2,25,0,holdout IGHB,23,0.021143532427719873
gpt-oss,B2,25,0,IGLB,0,0.0
gpt-oss,B2,25,1,Platt,0,0.0032535932548763274
gpt-oss,B2,25,1,IGHB (alpha 0.003),11,0.029189083862665777
gpt-oss,B2,25,1,IGHB long (alpha 1e-4),47,0.050048461847096784
gpt-oss,B2,25,1,noise aware IGHB,2,0.00034954029393286304
gpt-oss,B2,25,1,holdout IGHB,31,0.018807117425832902
gpt-oss,B2,25,1,IGLB,0,0.0
gpt-oss,B2,25,2,Platt,0,-0.001151183579952881
gpt-oss,B2,25,2,IGHB (alpha 0.003),11,0.04305509715035377
gpt-oss,B2,25,2,IGHB long (alpha 1e-4),22,0.04874210566041638
gpt-oss,B2,25,2,noise aware IGHB,7,6.275364981093295e-05
gpt-oss,B2,25,2,holdout IGHB,20,0.04761520973566444
gpt-oss,B2,25,2,IGLB,0,0.0
gpt-oss,B2,25,3,Platt,0,0.005581041674745102
gpt-oss,B2,25,3,IGHB (alpha 0.003),6,0.0051746034808830416
gpt-oss,B2,25,3,IGHB long (alpha 1e-4),21,0.017017162054632398
gpt-oss,B2,25,3,noise aware IGHB,10,0.0011020192587940306
gpt-oss,B2,25,3,holdout IGHB,27,0.01429981777493379
gpt-oss,B2,25,3,IGLB,0,0.0
gpt-oss,B2,25,4,Platt,0,-0.0010525550746206015
gpt-oss,B2,25,4,IGHB (alpha 0.003),8,0.0058278924016131675
gpt-oss,B2,25,4,IGHB long (alpha 1e-4),24,0.013568903968249377
gpt-oss,B2,25,4,noise aware IGHB,9,0.0004313781650050197
gpt-oss,B2,25,4,holdout IGHB,22,0.021169404279833548
gpt-oss,B2,25,4,IGLB,1,0.003702994591038025
gpt-oss,B2,25,5,Platt,0,0.00034198689807511673
gpt-oss,B2,25,5,IGHB (alpha 0.003),7,0.011525769461182826
gpt-oss,B2,25,5,IGHB long (alpha 1e-4),16,0.013999789569318535
gpt-oss,B2,25,5,noise aware IGHB,9,0.0008543565888446056
gpt-oss,B2,25,5,holdout IGHB,23,0.006326809221700237
gpt-oss,B2,25,5,IGLB,2,0.002393310097119912
gpt-oss,B2,25,6,Platt,0,2.821255231626879e-05
gpt-oss,B2,25,6,IGHB (alpha 0.003),9,0.004210508320533109
gpt-oss,B2,25,6,IGHB long (alpha 1e-4),22,0.01134505393595197
gpt-oss,B2,25,6,noise aware IGHB,9,0.0007466332160326813
gpt-oss,B2,25,6,holdout IGHB,31,0.006551950638567977
gpt-oss,B2,25,6,IGLB,3,0.019481012819837128
gpt-oss,B2,25,7,Platt,0,-0.0013961446602849363
gpt-oss,B2,25,7,IGHB (alpha 0.003),8,0.01521273424146491
gpt-oss,B2,25,7,IGHB long (alpha 1e-4),12,0.015823577630844105
gpt-oss,B2,25,7,noise aware IGHB,4,0.0006162611608775161
gpt-oss,B2,25,7,holdout IGHB,70,0.003613586532054097
gpt-oss,B2,25,7,IGLB,0,0.0
gpt-oss,B2,25,8,Platt,0,0.013459813238705619
gpt-oss,B2,25,8,IGHB (alpha 0.003),11,0.052651873400692745
gpt-oss,B2,25,8,IGHB long (alpha 1e-4),40,0.07276004414958001
gpt-oss,B2,25,8,noise aware IGHB,2,-2.4328929867575844e-07
gpt-oss,B2,25,8,holdout IGHB,20,0.035012362309086345
gpt-oss,B2,25,8,IGLB,0,0.0
gpt-oss,B2,25,9,Platt,0,0.0009844909735810467
gpt-oss,B2,25,9,IGHB (alpha 0.003),9,0.010486511038682263
gpt-oss,B2,25,9,IGHB long (alpha 1e-4),23,0.021346170848380454
gpt-oss,B2,25,9,noise aware IGHB,12,0.00014093664348251503
gpt-oss,B2,25,9,holdout IGHB,37,0.00939555925687005
gpt-oss,B2,25,9,IGLB,0,0.0
gpt-oss,B2,25,10,Platt,0,-0.0014631268170514633
gpt-oss,B2,25,10,IGHB (alpha 0.003),6,0.0016367069263380357
gpt-oss,B2,25,10,IGHB long (alpha 1e-4),24,0.0323815762419043
gpt-oss,B2,25,10,noise aware IGHB,15,0.00010142607651045937
gpt-oss,B2,25,10,holdout IGHB,37,0.02854953254029599
gpt-oss,B2,25,10,IGLB,1,0.004015758105840324
gpt-oss,B2,25,11,Platt,0,-0.0003711465028582127
gpt-oss,B2,25,11,IGHB (alpha 0.003),8,0.006234906303669768
gpt-oss,B2,25,11,IGHB long (alpha 1e-4),30,0.018932632951997715
gpt-oss,B2,25,11,noise aware IGHB,4,0.00011755836074643991
gpt-oss,B2,25,11,holdout IGHB,41,0.008357366156669967
gpt-oss,B2,25,11,IGLB,1,0.0037094546708928144
gpt-oss,B2,25,12,Platt,0,-0.0013258149717364637
gpt-oss,B2,25,12,IGHB (alpha 0.003),17,0.015821347283287962
gpt-oss,B2,25,12,IGHB long (alpha 1e-4),36,0.02707804276643762
gpt-oss,B2,25,12,noise aware IGHB,13,-1.1550688997455372e-05
gpt-oss,B2,25,12,holdout IGHB,62,0.028754632407485756
gpt-oss,B2,25,12,IGLB,2,0.001740575807073777
gpt-oss,B2,25,13,Platt,0,0.00021632959682380687
gpt-oss,B2,25,13,IGHB (alpha 0.003),3,0.0015649709782682153
gpt-oss,B2,25,13,IGHB long (alpha 1e-4),15,0.005432250814893895
gpt-oss,B2,25,13,noise aware IGHB,8,0.00016034802818682206
gpt-oss,B2,25,13,holdout IGHB,50,0.006104225005966857
gpt-oss,B2,25,13,IGLB,1,-0.0005732413526657078
gpt-oss,B2,25,14,Platt,0,-0.0014373764075507264
gpt-oss,B2,25,14,IGHB (alpha 0.003),10,0.02355750136068748
gpt-oss,B2,25,14,IGHB long (alpha 1e-4),24,0.04357960856862492
gpt-oss,B2,25,14,noise aware IGHB,5,-2.3701521709475204e-06
gpt-oss,B2,25,14,holdout IGHB,46,0.04165279477785
gpt-oss,B2,25,14,IGLB,1,0.0024899906547408146
gpt-oss,B2,25,15,Platt,0,0.00040159544413016085
gpt-oss,B2,25,15,IGHB (alpha 0.003),9,0.0011999427627839843
gpt-oss,B2,25,15,IGHB long (alpha 1e-4),21,0.003911932603421958
gpt-oss,B2,25,15,noise aware IGHB,6,0.000428234936551964
gpt-oss,B2,25,15,holdout IGHB,25,0.0054540642720326896
gpt-oss,B2,25,15,IGLB,2,0.00153413160536265
gpt-oss,B2,25,16,Platt,0,0.004396853085271227
gpt-oss,B2,25,16,IGHB (alpha 0.003),12,0.033774717155573133
gpt-oss,B2,25,16,IGHB long (alpha 1e-4),27,0.04632750040303746
gpt-oss,B2,25,16,noise aware IGHB,2,0.00010565586495266122
gpt-oss,B2,25,16,holdout IGHB,28,0.003216338388733808
gpt-oss,B2,25,16,IGLB,1,0.002252575452797431
gpt-oss,B2,25,17,Platt,0,-0.0009877188174624851
gpt-oss,B2,25,17,IGHB (alpha 0.003),3,0.00010865981458675622
gpt-oss,B2,25,17,IGHB long (alpha 1e-4),33,0.02341430497717991
gpt-oss,B2,25,17,noise aware IGHB,4,2.6518974028388875e-06
gpt-oss,B2,25,17,holdout IGHB,31,0.008399244614481424
gpt-oss,B2,25,17,IGLB,0,0.0
gpt-oss,B2,25,18,Platt,0,-5.045838042382761e-05
gpt-oss,B2,25,18,IGHB (alpha 0.003),9,0.005942157129100782
gpt-oss,B2,25,18,IGHB long (alpha 1e-4),28,0.014025630474569825
gpt-oss,B2,25,18,noise aware IGHB,2,-1.8370774898177067e-07
gpt-oss,B2,25,18,holdout IGHB,51,0.0135501741269042
gpt-oss,B2,25,18,IGLB,0,0.0
gpt-oss,B2,25,19,Platt,0,-0.0009708975902191462
gpt-oss,B2,25,19,IGHB (alpha 0.003),12,0.016805075305521958
gpt-oss,B2,25,19,IGHB long (alpha 1e-4),24,0.023382441872308188
gpt-oss,B2,25,19,noise aware IGHB,7,0.0003975392976854064
gpt-oss,B2,25,19,holdout IGHB,63,0.016989843288212944
gpt-oss,B2,25,19,IGLB,0,0.0
gpt-oss,B2,50,0,Platt,0,-0.0007609191937538763
gpt-oss,B2,50,0,IGHB (alpha 0.003),5,0.0006972332382764353
gpt-oss,B2,50,0,IGHB long (alpha 1e-4),38,0.010964580852136419
gpt-oss,B2,50,0,noise aware IGHB,18,0.0009368684623065129
gpt-oss,B2,50,0,holdout IGHB,37,0.009276411835978743
gpt-oss,B2,50,0,IGLB,1,-0.0013783216686110988
gpt-oss,B2,50,1,Platt,0,0.0002963917377644537
gpt-oss,B2,50,1,IGHB (alpha 0.003),6,0.004824259077749277
gpt-oss,B2,50,1,IGHB long (alpha 1e-4),48,0.02716825268055109
gpt-oss,B2,50,1,noise aware IGHB,22,0.0012580041413335907
gpt-oss,B2,50,1,holdout IGHB,57,0.021752683144488465
gpt-oss,B2,50,1,IGLB,0,0.0
gpt-oss,B2,50,2,Platt,0,-0.0007990574189933701
gpt-oss,B2,50,2,IGHB (alpha 0.003),5,0.002632204074321298
gpt-oss,B2,50,2,IGHB long (alpha 1e-4),52,0.0171679880334416
gpt-oss,B2,50,2,noise aware IGHB,12,0.0003049473850852795
gpt-oss,B2,50,2,holdout IGHB,18,0.003402277926995899
gpt-oss,B2,50,2,IGLB,0,0.0
gpt-oss,B2,50,3,Platt,0,-0.001297075806550918
gpt-oss,B2,50,3,IGHB (alpha 0.003),10,0.013310166178145913
gpt-oss,B2,50,3,IGHB long (alpha 1e-4),37,0.02934961034068565
gpt-oss,B2,50,3,noise aware IGHB,20,0.017303223329847142
gpt-oss,B2,50,3,holdout IGHB,54,0.03915054249339471
gpt-oss,B2,50,3,IGLB,1,0.0019546992201239163
gpt-oss,B2,50,4,Platt,0,-0.0015260651171233527
gpt-oss,B2,50,4,IGHB (alpha 0.003),6,0.009886260566843039
gpt-oss,B2,50,4,IGHB long (alpha 1e-4),18,0.012583871402533663
gpt-oss,B2,50,4,noise aware IGHB,41,0.001940486741301789
gpt-oss,B2,50,4,holdout IGHB,36,0.011781323374355362
gpt-oss,B2,50,4,IGLB,1,0.0032471899367939663
gpt-oss,B2,50,5,Platt,0,-0.0008894053529671514
gpt-oss,B2,50,5,IGHB (alpha 0.003),3,0.0019154833402816387
gpt-oss,B2,50,5,IGHB long (alpha 1e-4),40,0.029796544431954203
gpt-oss,B2,50,5,noise aware IGHB,32,0.00045810988655251364
gpt-oss,B2,50,5,holdout IGHB,33,0.014690546763854805
gpt-oss,B2,50,5,IGLB,1,0.0022508261943509703
gpt-oss,B2,50,6,Platt,0,0.00040038831196803626
gpt-oss,B2,50,6,IGHB (alpha 0.003),8,0.001320832251543641
gpt-oss,B2,50,6,IGHB long (alpha 1e-4),28,0.027964208341049963
gpt-oss,B2,50,6,noise aware IGHB,20,6.504781201865581e-05
gpt-oss,B2,50,6,holdout IGHB,35,0.015765314695577244
gpt-oss,B2,50,6,IGLB,1,0.001773274072121231
gpt-oss,B2,50,7,Platt,0,-0.0011936091176892802
gpt-oss,B2,50,7,IGHB (alpha 0.003),9,0.0067601293511820315
gpt-oss,B2,50,7,IGHB long (alpha 1e-4),35,0.017323299801762136
gpt-oss,B2,50,7,noise aware IGHB,8,0.001014930182550805
gpt-oss,B2,50,7,holdout IGHB,22,0.008609709013496517
gpt-oss,B2,50,7,IGLB,1,0.0011024964133654128
gpt-oss,B2,50,8,Platt,0,9.136958572461551e-05
gpt-oss,B2,50,8,IGHB (alpha 0.003),6,0.017885669430486216
gpt-oss,B2,50,8,IGHB long (alpha 1e-4),47,0.039265141426814656
gpt-oss,B2,50,8,noise aware IGHB,23,0.0004954692262866753
gpt-oss,B2,50,8,holdout IGHB,43,0.03629871259862068
gpt-oss,B2,50,8,IGLB,0,0.0
gpt-oss,B2,50,9,Platt,0,-0.0002772194599957416
gpt-oss,B2,50,9,IGHB (alpha 0.003),6,0.0016135762582331348
gpt-oss,B2,50,9,IGHB long (alpha 1e-4),37,0.01247361540976221
gpt-oss,B2,50,9,noise aware IGHB,5,0.0003318248841283587
gpt-oss,B2,50,9,holdout IGHB,54,0.007319866256199688
gpt-oss,B2,50,9,IGLB,0,0.0
gpt-oss,B2,50,10,Platt,0,-0.0014945965092250102
gpt-oss,B2,50,10,IGHB (alpha 0.003),10,0.00463146616064921
gpt-oss,B2,50,10,IGHB long (alpha 1e-4),42,0.019692775707191537
gpt-oss,B2,50,10,noise aware IGHB,38,0.0012721356743321532
gpt-oss,B2,50,10,holdout IGHB,34,0.013903035739742685
gpt-oss,B2,50,10,IGLB,0,0.0
gpt-oss,B2,50,11,Platt,0,-0.0014333997654781203
gpt-oss,B2,50,11,IGHB (alpha 0.003),7,0.0022560707475668337
gpt-oss,B2,50,11,IGHB long (alpha 1e-4),38,0.02711734204091682
gpt-oss,B2,50,11,noise aware IGHB,16,0.000885189490515581
gpt-oss,B2,50,11,holdout IGHB,25,0.016284349645223434
gpt-oss,B2,50,11,IGLB,0,0.0
gpt-oss,B2,50,12,Platt,0,-0.0014212895520336125
gpt-oss,B2,50,12,IGHB (alpha 0.003),7,0.006651296773509473
gpt-oss,B2,50,12,IGHB long (alpha 1e-4),44,0.02068509753912507
gpt-oss,B2,50,12,noise aware IGHB,32,0.0004808776085144864
gpt-oss,B2,50,12,holdout IGHB,33,0.01725661629322426
gpt-oss,B2,50,12,IGLB,1,0.0009217848826139838
gpt-oss,B2,50,13,Platt,0,0.000822881936568029
gpt-oss,B2,50,13,IGHB (alpha 0.003),8,0.025551911572986204
gpt-oss,B2,50,13,IGHB long (alpha 1e-4),33,0.04890861236550788
gpt-oss,B2,50,13,noise aware IGHB,36,0.006149613148671761
gpt-oss,B2,50,13,holdout IGHB,38,0.03944671205331669
gpt-oss,B2,50,13,IGLB,2,0.013019170805021046
gpt-oss,B2,50,14,Platt,0,0.0013710546953698208
gpt-oss,B2,50,14,IGHB (alpha 0.003),9,0.012978787582127956
gpt-oss,B2,50,14,IGHB long (alpha 1e-4),49,0.03638060935837299
gpt-oss,B2,50,14,noise aware IGHB,7,0.00035175296416291996
gpt-oss,B2,50,14,holdout IGHB,17,0.00784614980167473
gpt-oss,B2,50,14,IGLB,0,0.0
gpt-oss,B2,50,15,Platt,0,-0.0015048308317590561
gpt-oss,B2,50,15,IGHB (alpha 0.003),7,0.004392508732826171
gpt-oss,B2,50,15,IGHB long (alpha 1e-4),39,0.0230818041367346
gpt-oss,B2,50,15,noise aware IGHB,25,0.00011836221556501755
gpt-oss,B2,50,15,holdout IGHB,23,0.004684524298245049
gpt-oss,B2,50,15,IGLB,1,0.0025170199190701834
gpt-oss,B2,50,16,Platt,0,-0.0011054490568530445
gpt-oss,B2,50,16,IGHB (alpha 0.003),13,0.009286615988226998
gpt-oss,B2,50,16,IGHB long (alpha 1e-4),40,0.02300473503053442
gpt-oss,B2,50,16,noise aware IGHB,17,0.0009225163952418791
gpt-oss,B2,50,16,holdout IGHB,39,0.02450006836321325
gpt-oss,B2,50,16,IGLB,0,0.0
gpt-oss,B2,50,17,Platt,0,-0.001479809741281271
gpt-oss,B2,50,17,IGHB (alpha 0.003),4,0.0018395526539995918
gpt-oss,B2,50,17,IGHB long (alpha 1e-4),30,0.014836717234479928
gpt-oss,B2,50,17,noise aware IGHB,40,0.001924654076705494
gpt-oss,B2,50,17,holdout IGHB,52,0.011338860729892736
gpt-oss,B2,50,17,IGLB,2,0.002042296816235717
gpt-oss,B2,50,18,Platt,0,-0.0010782057653158823
gpt-oss,B2,50,18,IGHB (alpha 0.003),10,0.015887354861696214
gpt-oss,B2,50,18,IGHB long (alpha 1e-4),25,0.01703673966438208
gpt-oss,B2,50,18,noise aware IGHB,9,0.0010513103986468028
gpt-oss,B2,50,18,holdout IGHB,46,0.013371557515711001
gpt-oss,B2,50,18,IGLB,0,0.0
gpt-oss,B2,50,19,Platt,0,-0.001262549631279062
gpt-oss,B2,50,19,IGHB (alpha 0.003),6,0.002078746098188533
gpt-oss,B2,50,19,IGHB long (alpha 1e-4),23,0.008086681613693282
gpt-oss,B2,50,19,noise aware IGHB,13,0.0011782780224426775
gpt-oss,B2,50,19,holdout IGHB,22,0.008332782178277168
gpt-oss,B2,50,19,IGLB,0,0.0
gpt-oss,B2,100,0,Platt,0,-0.00122013003261566
gpt-oss,B2,100,0,IGHB (alpha 0.003),4,0.000755294924516571
gpt-oss,B2,100,0,IGHB long (alpha 1e-4),34,0.0031506488693561763
gpt-oss,B2,100,0,noise aware IGHB,19,5.190940402803254e-05
gpt-oss,B2,100,0,holdout IGHB,42,0.0072853726563177346
gpt-oss,B2,100,0,IGLB,1,-0.0010179260542906056
gpt-oss,B2,100,1,Platt,0,-0.0012712677204698673
gpt-oss,B2,100,1,IGHB (alpha 0.003),7,0.0022986193232293825
gpt-oss,B2,100,1,IGHB long (alpha 1e-4),50,0.01072513857221967
gpt-oss,B2,100,1,noise aware IGHB,74,0.003484431831994053
gpt-oss,B2,100,1,holdout IGHB,44,0.008943247178578036
gpt-oss,B2,100,1,IGLB,1,0.0014643989428630919
gpt-oss,B2,100,2,Platt,0,-0.0014748333218854888
gpt-oss,B2,100,2,IGHB (alpha 0.003),7,0.00232646360365682
gpt-oss,B2,100,2,IGHB long (alpha 1e-4),40,0.012361246417101741
gpt-oss,B2,100,2,noise aware IGHB,27,0.0022806715963105476
gpt-oss,B2,100,2,holdout IGHB,31,0.0059257742395061805
gpt-oss,B2,100,2,IGLB,1,0.001219251269329348
gpt-oss,B2,100,3,Platt,0,-0.00152308401637535
gpt-oss,B2,100,3,IGHB (alpha 0.003),5,0.0006094139946442728
gpt-oss,B2,100,3,IGHB long (alpha 1e-4),49,0.010207568995663538
gpt-oss,B2,100,3,noise aware IGHB,24,0.0010813676947620254
gpt-oss,B2,100,3,holdout IGHB,51,0.012739505307213725
gpt-oss,B2,100,3,IGLB,0,0.0
gpt-oss,B2,100,4,Platt,0,-0.0009452856396451013
gpt-oss,B2,100,4,IGHB (alpha 0.003),7,0.0016605427478715157
gpt-oss,B2,100,4,IGHB long (alpha 1e-4),49,0.011413177863418576
gpt-oss,B2,100,4,noise aware IGHB,24,0.0013252542620850183
gpt-oss,B2,100,4,holdout IGHB,13,0.0023489796295181886
gpt-oss,B2,100,4,IGLB,0,0.0
gpt-oss,B2,100,5,Platt,0,-0.0014493115601654713
gpt-oss,B2,100,5,IGHB (alpha 0.003),11,0.00459367391269646
gpt-oss,B2,100,5,IGHB long (alpha 1e-4),53,0.018394861221821907
gpt-oss,B2,100,5,noise aware IGHB,32,0.0015891392887783101
gpt-oss,B2,100,5,holdout IGHB,38,0.014524803440134418
gpt-oss,B2,100,5,IGLB,1,0.0013582734063847107
gpt-oss,B2,100,6,Platt,0,-0.00024724045398162586
gpt-oss,B2,100,6,IGHB (alpha 0.003),2,0.00028256525535828164
gpt-oss,B2,100,6,IGHB long (alpha 1e-4),68,0.013158884503172458
gpt-oss,B2,100,6,noise aware IGHB,21,0.001387991881167644
gpt-oss,B2,100,6,holdout IGHB,30,0.008708804244513826
gpt-oss,B2,100,6,IGLB,0,0.0
gpt-oss,B2,100,7,Platt,0,-0.0010491312793807633
gpt-oss,B2,100,7,IGHB (alpha 0.003),2,0.00044195030210197883
gpt-oss,B2,100,7,IGHB long (alpha 1e-4),44,0.011964908673107497
gpt-oss,B2,100,7,noise aware IGHB,18,0.0009030596418705614
gpt-oss,B2,100,7,holdout IGHB,19,0.002900550020644127
gpt-oss,B2,100,7,IGLB,1,-0.0003722964595714376
gpt-oss,B2,100,8,Platt,0,-0.0014832174475827298
gpt-oss,B2,100,8,IGHB (alpha 0.003),5,0.0010718431109691742
gpt-oss,B2,100,8,IGHB long (alpha 1e-4),48,0.008233191749261196
gpt-oss,B2,100,8,noise aware IGHB,74,0.000898849775607509
gpt-oss,B2,100,8,holdout IGHB,18,0.003566019614109496
gpt-oss,B2,100,8,IGLB,1,0.0033892174503507566
gpt-oss,B2,100,9,Platt,0,-0.0014619530666771866
gpt-oss,B2,100,9,IGHB (alpha 0.003),8,0.0022242649462107106
gpt-oss,B2,100,9,IGHB long (alpha 1e-4),40,0.009178150389329669
gpt-oss,B2,100,9,noise aware IGHB,19,0.00139059313458266
gpt-oss,B2,100,9,holdout IGHB,27,0.005594707135569726
gpt-oss,B2,100,9,IGLB,1,0.0009641627231569486
gpt-oss,B2,100,10,Platt,0,-0.00082119525891668
gpt-oss,B2,100,10,IGHB (alpha 0.003),8,0.0027207804396651575
gpt-oss,B2,100,10,IGHB long (alpha 1e-4),48,0.014528239043607928
gpt-oss,B2,100,10,noise aware IGHB,24,0.0020023824571393026
gpt-oss,B2,100,10,holdout IGHB,43,0.011884922621107276
gpt-oss,B2,100,10,IGLB,1,0.00139567785198913
gpt-oss,B2,100,11,Platt,0,-0.0014427182065162025
gpt-oss,B2,100,11,IGHB (alpha 0.003),5,4.914937780865769e-05
gpt-oss,B2,100,11,IGHB long (alpha 1e-4),25,0.007703103525529144
gpt-oss,B2,100,11,noise aware IGHB,27,0.00022628848978931485
gpt-oss,B2,100,11,holdout IGHB,31,0.004840514652632966
gpt-oss,B2,100,11,IGLB,1,0.0012656100922317157
gpt-oss,B2,100,12,Platt,0,-0.001472960734601493
gpt-oss,B2,100,12,IGHB (alpha 0.003),8,0.001912531765862223
gpt-oss,B2,100,12,IGHB long (alpha 1e-4),45,0.013815161723149956
gpt-oss,B2,100,12,noise aware IGHB,22,0.0011279211020778779
gpt-oss,B2,100,12,holdout IGHB,21,0.011360499340803569
gpt-oss,B2,100,12,IGLB,0,0.0
gpt-oss,B2,100,13,Platt,0,-0.0009032900346308027
gpt-oss,B2,100,13,IGHB (alpha 0.003),6,0.0013136366539003436
gpt-oss,B2,100,13,IGHB long (alpha 1e-4),76,0.01397903112839121
gpt-oss,B2,100,13,noise aware IGHB,21,0.0021630696419492335
gpt-oss,B2,100,13,holdout IGHB,23,0.007718371396904816
gpt-oss,B2,100,13,IGLB,0,0.0
gpt-oss,B2,100,14,Platt,0,-0.0014910959747923558
gpt-oss,B2,100,14,IGHB (alpha 0.003),6,0.0010026435296210529
gpt-oss,B2,100,14,IGHB long (alpha 1e-4),57,0.013206091812940336
gpt-oss,B2,100,14,noise aware IGHB,98,0.001479966447733655
gpt-oss,B2,100,14,holdout IGHB,22,0.008661407545199548
gpt-oss,B2,100,14,IGLB,0,0.0
gpt-oss,B2,100,15,Platt,0,-0.0013027540972633499
gpt-oss,B2,100,15,IGHB (alpha 0.003),4,0.0010498023616165933
gpt-oss,B2,100,15,IGHB long (alpha 1e-4),50,0.009825383684608953
gpt-oss,B2,100,15,noise aware IGHB,69,0.0011555092117106827
gpt-oss,B2,100,15,holdout IGHB,33,0.008304758438429066
gpt-oss,B2,100,15,IGLB,0,0.0
gpt-oss,B2,100,16,Platt,0,-0.0009140128041893285
gpt-oss,B2,100,16,IGHB (alpha 0.003),8,0.0023425032368982815
gpt-oss,B2,100,16,IGHB long (alpha 1e-4),45,0.018606596920930092
gpt-oss,B2,100,16,noise aware IGHB,52,0.0007652925006810252
gpt-oss,B2,100,16,holdout IGHB,22,0.007943263575844524
gpt-oss,B2,100,16,IGLB,0,0.0
gpt-oss,B2,100,17,Platt,0,-0.0014231612924647113
gpt-oss,B2,100,17,IGHB (alpha 0.003),3,0.0001018582740063903
gpt-oss,B2,100,17,IGHB long (alpha 1e-4),32,0.011048972304648672
gpt-oss,B2,100,17,noise aware IGHB,137,0.00010173607804523158
gpt-oss,B2,100,17,holdout IGHB,33,0.010184026431414611
gpt-oss,B2,100,17,IGLB,0,0.0
gpt-oss,B2,100,18,Platt,0,-0.0014683112691102167
gpt-oss,B2,100,18,IGHB (alpha 0.003),7,0.003588466292448529
gpt-oss,B2,100,18,IGHB long (alpha 1e-4),47,0.01794312983395395
gpt-oss,B2,100,18,noise aware IGHB,54,7.537841183775582e-05
gpt-oss,B2,100,18,holdout IGHB,68,0.023296863240005163
gpt-oss,B2,100,18,IGLB,1,0.00026871918441128545
gpt-oss,B2,100,19,Platt,0,-0.0014450432538880738
gpt-oss,B2,100,19,IGHB (alpha 0.003),3,0.0016290497135746443
gpt-oss,B2,100,19,IGHB long (alpha 1e-4),53,0.009428331022779811
gpt-oss,B2,100,19,noise aware IGHB,49,0.0019196949029600743
gpt-oss,B2,100,19,holdout IGHB,31,0.006077683211731667
gpt-oss,B2,100,19,IGLB,0,0.0
gpt-oss,B2,200,0,Platt,0,-0.0010441775130923849
gpt-oss,B2,200,0,IGHB (alpha 0.003),3,0.0011101890692648622
gpt-oss,B2,200,0,IGHB long (alpha 1e-4),39,0.00337284784598723
gpt-oss,B2,200,0,noise aware IGHB,47,0.001539545746187948
gpt-oss,B2,200,0,holdout IGHB,28,0.00443535363987882
gpt-oss,B2,200,0,IGLB,0,0.0
gpt-oss,B2,200,1,Platt,0,-0.0011828297740980875
gpt-oss,B2,200,1,IGHB (alpha 0.003),4,0.0010152819580222239
gpt-oss,B2,200,1,IGHB long (alpha 1e-4),48,0.009656733940124111
gpt-oss,B2,200,1,noise aware IGHB,48,0.0010838191248482426
gpt-oss,B2,200,1,holdout IGHB,20,0.0012510164870167609
gpt-oss,B2,200,1,IGLB,0,0.0
gpt-oss,B2,200,2,Platt,0,-0.0014224256662859758
gpt-oss,B2,200,2,IGHB (alpha 0.003),4,0.001052399484893815
gpt-oss,B2,200,2,IGHB long (alpha 1e-4),50,0.007292979433972488
gpt-oss,B2,200,2,noise aware IGHB,45,0.0015017706342335194
gpt-oss,B2,200,2,holdout IGHB,17,0.002355687636308418
gpt-oss,B2,200,2,IGLB,0,0.0
gpt-oss,B2,200,3,Platt,0,-0.0009386539567382973
gpt-oss,B2,200,3,IGHB (alpha 0.003),3,0.001112249028970759
gpt-oss,B2,200,3,IGHB long (alpha 1e-4),41,0.007769887615300931
gpt-oss,B2,200,3,noise aware IGHB,43,0.0007972636292789062
gpt-oss,B2,200,3,holdout IGHB,27,0.0042275369310051936
gpt-oss,B2,200,3,IGLB,1,-0.0006111812435677412
gpt-oss,B2,200,4,Platt,0,-0.0012214337116820476
gpt-oss,B2,200,4,IGHB (alpha 0.003),4,0.0010029771976467344
gpt-oss,B2,200,4,IGHB long (alpha 1e-4),57,0.005426812882940099
gpt-oss,B2,200,4,noise aware IGHB,49,0.0007290202953888075
gpt-oss,B2,200,4,holdout IGHB,54,0.005245056152438962
gpt-oss,B2,200,4,IGLB,1,4.381960931995263e-05
gpt-oss,B2,200,5,Platt,0,-0.0014617674341026073
gpt-oss,B2,200,5,IGHB (alpha 0.003),4,0.0010745510190747903
gpt-oss,B2,200,5,IGHB long (alpha 1e-4),38,0.0058386150518595775
gpt-oss,B2,200,5,noise aware IGHB,51,0.001155116898019705
gpt-oss,B2,200,5,holdout IGHB,32,0.0025558604267731794
gpt-oss,B2,200,5,IGLB,0,0.0
gpt-oss,B2,200,6,Platt,0,-0.0011495377925233655
gpt-oss,B2,200,6,IGHB (alpha 0.003),4,0.0010029771976467344
gpt-oss,B2,200,6,IGHB long (alpha 1e-4),51,0.0071444608569539575
gpt-oss,B2,200,6,noise aware IGHB,47,0.0007290236187677129
gpt-oss,B2,200,6,holdout IGHB,15,0.0015021350826867827
gpt-oss,B2,200,6,IGLB,0,0.0
gpt-oss,B2,200,7,Platt,0,-0.0011344858939162546
gpt-oss,B2,200,7,IGHB (alpha 0.003),3,0.0003669743801454871
gpt-oss,B2,200,7,IGHB long (alpha 1e-4),56,0.008182034686372068
gpt-oss,B2,200,7,noise aware IGHB,50,0.0014252949044129617
gpt-oss,B2,200,7,holdout IGHB,33,0.0058732105728097825
gpt-oss,B2,200,7,IGLB,0,0.0
gpt-oss,B2,200,8,Platt,0,-0.0013033293335543601
gpt-oss,B2,200,8,IGHB (alpha 0.003),5,0.000979160171742377
gpt-oss,B2,200,8,IGHB long (alpha 1e-4),37,0.004371800805600984
gpt-oss,B2,200,8,noise aware IGHB,50,0.00014690155413734154
gpt-oss,B2,200,8,holdout IGHB,27,0.004674158183965292
gpt-oss,B2,200,8,IGLB,2,0.0017812091300336494
gpt-oss,B2,200,9,Platt,0,-0.0010475595838506276
gpt-oss,B2,200,9,IGHB (alpha 0.003),4,0.0009952185706915972
gpt-oss,B2,200,9,IGHB long (alpha 1e-4),53,0.006344621206787575
gpt-oss,B2,200,9,noise aware IGHB,45,0.0009589026504923243
gpt-oss,B2,200,9,holdout IGHB,33,0.002822907398863879
gpt-oss,B2,200,9,IGLB,1,-0.0014995330320571043
gpt-oss,B2,200,10,Platt,0,-0.0011649427182431511
gpt-oss,B2,200,10,IGHB (alpha 0.003),4,0.000977584080486739
gpt-oss,B2,200,10,IGHB long (alpha 1e-4),53,0.005026143242537057
gpt-oss,B2,200,10,noise aware IGHB,50,0.001114318145373265
gpt-oss,B2,200,10,holdout IGHB,22,0.0028368210179741254
gpt-oss,B2,200,10,IGLB,0,0.0
gpt-oss,B2,200,11,Platt,0,-0.0011651619858971188
gpt-oss,B2,200,11,IGHB (alpha 0.003),4,0.0010029771976467344
gpt-oss,B2,200,11,IGHB long (alpha 1e-4),51,0.007979344460701317
gpt-oss,B2,200,11,noise aware IGHB,80,0.0009514763372985985
gpt-oss,B2,200,11,holdout IGHB,28,0.0033033758347321487
gpt-oss,B2,200,11,IGLB,1,7.566627575052512e-05
gpt-oss,B2,200,12,Platt,0,-0.001303547549519217
gpt-oss,B2,200,12,IGHB (alpha 0.003),5,0.00185948291109575
gpt-oss,B2,200,12,IGHB long (alpha 1e-4),48,0.006103064771668748
gpt-oss,B2,200,12,noise aware IGHB,50,0.0007382635133026394
gpt-oss,B2,200,12,holdout IGHB,43,0.0037037331065664925
gpt-oss,B2,200,12,IGLB,1,1.936045880802234e-05
gpt-oss,B2,200,13,Platt,0,-0.0011611664049064434
gpt-oss,B2,200,13,IGHB (alpha 0.003),4,0.0010684163090653523
gpt-oss,B2,200,13,IGHB long (alpha 1e-4),43,0.005469240310958523
gpt-oss,B2,200,13,noise aware IGHB,47,0.00111260776940756
gpt-oss,B2,200,13,holdout IGHB,38,0.004750002153257334
gpt-oss,B2,200,13,IGLB,0,0.0
gpt-oss,B2,200,14,Platt,0,-0.0012768258179443812
gpt-oss,B2,200,14,IGHB (alpha 0.003),4,0.0010029771976467344
gpt-oss,B2,200,14,IGHB long (alpha 1e-4),65,0.009125296623737164
gpt-oss,B2,200,14,noise aware IGHB,46,0.0007290230090859426
gpt-oss,B2,200,14,holdout IGHB,40,0.005659243691833897
gpt-oss,B2,200,14,IGLB,1,-0.0004348533578409537
gpt-oss,B2,200,15,Platt,0,-0.0011890515610818546
gpt-oss,B2,200,15,IGHB (alpha 0.003),3,0.0011195444863067242
gpt-oss,B2,200,15,IGHB long (alpha 1e-4),51,0.006339157494417047
gpt-oss,B2,200,15,noise aware IGHB,44,5.251840867717336e-05
gpt-oss,B2,200,15,holdout IGHB,22,0.0044158388630719456
gpt-oss,B2,200,15,IGLB,0,0.0
gpt-oss,B2,200,16,Platt,0,-0.0012297597854342042
gpt-oss,B2,200,16,IGHB (alpha 0.003),2,0.00042005853964044437
gpt-oss,B2,200,16,IGHB long (alpha 1e-4),53,0.006871668968481064
gpt-oss,B2,200,16,noise aware IGHB,47,0.0001921074331672247
gpt-oss,B2,200,16,holdout IGHB,19,0.0023767947912964604
gpt-oss,B2,200,16,IGLB,0,0.0
gpt-oss,B2,200,17,Platt,0,-0.001034721403562231
gpt-oss,B2,200,17,IGHB (alpha 0.003),3,0.00031741051786984137
gpt-oss,B2,200,17,IGHB long (alpha 1e-4),56,0.008848385992438083
gpt-oss,B2,200,17,noise aware IGHB,44,0.000717635921159792
gpt-oss,B2,200,17,holdout IGHB,22,0.0027744874512761683
gpt-oss,B2,200,17,IGLB,0,0.0
gpt-oss,B2,200,18,Platt,0,-0.0010649942260058873
gpt-oss,B2,200,18,IGHB (alpha 0.003),3,0.0011035754186284052
gpt-oss,B2,200,18,IGHB long (alpha 1e-4),36,0.004327290438342825
gpt-oss,B2,200,18,noise aware IGHB,48,0.0007630849551111957
gpt-oss,B2,200,18,holdout IGHB,46,0.0049833972158093084
gpt-oss,B2,200,18,IGLB,1,-0.0009988031944912004
gpt-oss,B2,200,19,Platt,0,-0.0014963085169470078
gpt-oss,B2,200,19,IGHB (alpha 0.003),5,0.0003131942996162304
gpt-oss,B2,200,19,IGHB long (alpha 1e-4),50,0.007051891353062466
gpt-oss,B2,200,19,noise aware IGHB,50,8.980946458903363e-05
gpt-oss,B2,200,19,holdout IGHB,47,0.006907034828315173
gpt-oss,B2,200,19,IGLB,1,9.921348612190739e-06
gpt-oss,B2,211,0,Platt,0,-0.0012281398328978232
gpt-oss,B2,211,0,IGHB (alpha 0.003),4,0.0010029771976467344
gpt-oss,B2,211,0,IGHB long (alpha 1e-4),37,0.004496840104732634
gpt-oss,B2,211,0,noise aware IGHB,51,0.0008613191544239313
gpt-oss,B2,211,0,holdout IGHB,49,0.004810772295941235
gpt-oss,B2,211,0,IGLB,1,-0.0008033546935145054
